0.35374999999999995,MyRandomForestClassifier,MyCountVectorizer,{'max_features': 'sqrt', 'n_estimators': 500, 'max_depth': 5, 'min_samples_split': 5, 'min_samples_leaf': 1, 'bootstrap': False},{'min_df': 1, 'ngram_range': (1, 1)}
0.35374999999999995,MyRandomForestClassifier,MyCountVectorizer,{'max_features': 'sqrt', 'n_estimators': 500, 'max_depth': 5, 'min_samples_split': 5, 'min_samples_leaf': 2, 'bootstrap': False},{'min_df': 1, 'ngram_range': (1, 1)}
0.35374999999999995,MyRandomForestClassifier,MyCountVectorizer,{'max_features': 'sqrt', 'n_estimators': 500, 'max_depth': 5, 'min_samples_split': 5, 'min_samples_leaf': 5, 'bootstrap': False},{'min_df': 1, 'ngram_range': (1, 1)}
0.346875,MyRandomForestClassifier,MyCountVectorizer,{'max_features': 'sqrt', 'n_estimators': 500, 'max_depth': 5, 'min_samples_split': 5, 'min_samples_leaf': 2, 'bootstrap': True},{'min_df': 1, 'ngram_range': (1, 1)}
0.355,MyRandomForestClassifier,MyCountVectorizer,{'max_features': 'sqrt', 'n_estimators': 500, 'max_depth': 5, 'min_samples_split': 5, 'min_samples_leaf': 1, 'bootstrap': True},{'min_df': 1, 'ngram_range': (1, 1)}
0.29437499999999994,MyRandomForestClassifier,MyCountVectorizer,{'max_features': 'sqrt', 'n_estimators': 500, 'max_depth': 5, 'min_samples_split': 5, 'min_samples_leaf': 5, 'bootstrap': True},{'min_df': 1, 'ngram_range': (1, 1)}
0.35374999999999995,MyRandomForestClassifier,MyCountVectorizer,{'max_features': 'sqrt', 'n_estimators': 500, 'max_depth': 5, 'min_samples_split': 5, 'min_samples_leaf': 10, 'bootstrap': False},{'min_df': 1, 'ngram_range': (1, 1)}
0.35374999999999995,MyRandomForestClassifier,MyCountVectorizer,{'max_features': 'sqrt', 'n_estimators': 500, 'max_depth': 5, 'min_samples_split': 10, 'min_samples_leaf': 1, 'bootstrap': False},{'min_df': 1, 'ngram_range': (1, 1)}
0.28812499999999996,MyRandomForestClassifier,MyCountVectorizer,{'max_features': 'sqrt', 'n_estimators': 500, 'max_depth': 5, 'min_samples_split': 5, 'min_samples_leaf': 10, 'bootstrap': True},{'min_df': 1, 'ngram_range': (1, 1)}
0.271875,MyRandomForestClassifier,MyCountVectorizer,{'max_features': 'sqrt', 'n_estimators': 500, 'max_depth': 5, 'min_samples_split': 10, 'min_samples_leaf': 1, 'bootstrap': True},{'min_df': 1, 'ngram_range': (1, 1)}
0.35374999999999995,MyRandomForestClassifier,MyCountVectorizer,{'max_features': 'sqrt', 'n_estimators': 500, 'max_depth': 5, 'min_samples_split': 10, 'min_samples_leaf': 2, 'bootstrap': False},{'min_df': 1, 'ngram_range': (1, 1)}
0.35374999999999995,MyRandomForestClassifier,MyCountVectorizer,{'max_features': 'sqrt', 'n_estimators': 500, 'max_depth': 5, 'min_samples_split': 10, 'min_samples_leaf': 5, 'bootstrap': False},{'min_df': 1, 'ngram_range': (1, 1)}
0.2975,MyRandomForestClassifier,MyCountVectorizer,{'max_features': 'sqrt', 'n_estimators': 500, 'max_depth': 5, 'min_samples_split': 10, 'min_samples_leaf': 2, 'bootstrap': True},{'min_df': 1, 'ngram_range': (1, 1)}
0.35374999999999995,MyRandomForestClassifier,MyCountVectorizer,{'max_features': 'sqrt', 'n_estimators': 500, 'max_depth': 5, 'min_samples_split': 10, 'min_samples_leaf': 10, 'bootstrap': False},{'min_df': 1, 'ngram_range': (1, 1)}
0.31937499999999996,MyRandomForestClassifier,MyCountVectorizer,{'max_features': 'sqrt', 'n_estimators': 500, 'max_depth': 5, 'min_samples_split': 10, 'min_samples_leaf': 5, 'bootstrap': True},{'min_df': 1, 'ngram_range': (1, 1)}
0.35374999999999995,MyRandomForestClassifier,MyCountVectorizer,{'max_features': 'sqrt', 'n_estimators': 500, 'max_depth': 5, 'min_samples_split': 15, 'min_samples_leaf': 1, 'bootstrap': False},{'min_df': 1, 'ngram_range': (1, 1)}
0.29437499999999994,MyRandomForestClassifier,MyCountVectorizer,{'max_features': 'sqrt', 'n_estimators': 500, 'max_depth': 5, 'min_samples_split': 10, 'min_samples_leaf': 10, 'bootstrap': True},{'min_df': 1, 'ngram_range': (1, 1)}
0.35374999999999995,MyRandomForestClassifier,MyCountVectorizer,{'max_features': 'sqrt', 'n_estimators': 500, 'max_depth': 5, 'min_samples_split': 15, 'min_samples_leaf': 2, 'bootstrap': False},{'min_df': 1, 'ngram_range': (1, 1)}
0.320625,MyRandomForestClassifier,MyCountVectorizer,{'max_features': 'sqrt', 'n_estimators': 500, 'max_depth': 5, 'min_samples_split': 15, 'min_samples_leaf': 1, 'bootstrap': True},{'min_df': 1, 'ngram_range': (1, 1)}
0.35374999999999995,MyRandomForestClassifier,MyCountVectorizer,{'max_features': 'sqrt', 'n_estimators': 500, 'max_depth': 5, 'min_samples_split': 15, 'min_samples_leaf': 5, 'bootstrap': False},{'min_df': 1, 'ngram_range': (1, 1)}
0.278125,MyRandomForestClassifier,MyCountVectorizer,{'max_features': 'sqrt', 'n_estimators': 500, 'max_depth': 5, 'min_samples_split': 15, 'min_samples_leaf': 2, 'bootstrap': True},{'min_df': 1, 'ngram_range': (1, 1)}
0.35374999999999995,MyRandomForestClassifier,MyCountVectorizer,{'max_features': 'sqrt', 'n_estimators': 500, 'max_depth': 5, 'min_samples_split': 15, 'min_samples_leaf': 10, 'bootstrap': False},{'min_df': 1, 'ngram_range': (1, 1)}
0.355,MyRandomForestClassifier,MyCountVectorizer,{'max_features': 'sqrt', 'n_estimators': 500, 'max_depth': 5, 'min_samples_split': 15, 'min_samples_leaf': 5, 'bootstrap': True},{'min_df': 1, 'ngram_range': (1, 1)}
0.35374999999999995,MyRandomForestClassifier,MyCountVectorizer,{'max_features': 'sqrt', 'n_estimators': 500, 'max_depth': 10, 'min_samples_split': 5, 'min_samples_leaf': 1, 'bootstrap': False},{'min_df': 1, 'ngram_range': (1, 1)}
0.248125,MyRandomForestClassifier,MyCountVectorizer,{'max_features': 'sqrt', 'n_estimators': 500, 'max_depth': 5, 'min_samples_split': 15, 'min_samples_leaf': 10, 'bootstrap': True},{'min_df': 1, 'ngram_range': (1, 1)}
0.21125000000000002,MyRandomForestClassifier,MyCountVectorizer,{'max_features': 'sqrt', 'n_estimators': 500, 'max_depth': 10, 'min_samples_split': 5, 'min_samples_leaf': 1, 'bootstrap': True},{'min_df': 1, 'ngram_range': (1, 1)}
0.35374999999999995,MyRandomForestClassifier,MyCountVectorizer,{'max_features': 'sqrt', 'n_estimators': 500, 'max_depth': 10, 'min_samples_split': 5, 'min_samples_leaf': 2, 'bootstrap': False},{'min_df': 1, 'ngram_range': (1, 1)}
0.35374999999999995,MyRandomForestClassifier,MyCountVectorizer,{'max_features': 'sqrt', 'n_estimators': 500, 'max_depth': 10, 'min_samples_split': 5, 'min_samples_leaf': 5, 'bootstrap': False},{'min_df': 1, 'ngram_range': (1, 1)}
0.3375,MyRandomForestClassifier,MyCountVectorizer,{'max_features': 'sqrt', 'n_estimators': 500, 'max_depth': 10, 'min_samples_split': 5, 'min_samples_leaf': 2, 'bootstrap': True},{'min_df': 1, 'ngram_range': (1, 1)}
0.35374999999999995,MyRandomForestClassifier,MyCountVectorizer,{'max_features': 'sqrt', 'n_estimators': 500, 'max_depth': 10, 'min_samples_split': 5, 'min_samples_leaf': 10, 'bootstrap': False},{'min_df': 1, 'ngram_range': (1, 1)}
0.22999999999999998,MyRandomForestClassifier,MyCountVectorizer,{'max_features': 'sqrt', 'n_estimators': 500, 'max_depth': 10, 'min_samples_split': 5, 'min_samples_leaf': 5, 'bootstrap': True},{'min_df': 1, 'ngram_range': (1, 1)}
0.35374999999999995,MyRandomForestClassifier,MyCountVectorizer,{'max_features': 'sqrt', 'n_estimators': 500, 'max_depth': 10, 'min_samples_split': 10, 'min_samples_leaf': 1, 'bootstrap': False},{'min_df': 1, 'ngram_range': (1, 1)}
0.2775,MyRandomForestClassifier,MyCountVectorizer,{'max_features': 'sqrt', 'n_estimators': 500, 'max_depth': 10, 'min_samples_split': 5, 'min_samples_leaf': 10, 'bootstrap': True},{'min_df': 1, 'ngram_range': (1, 1)}
0.35374999999999995,MyRandomForestClassifier,MyCountVectorizer,{'max_features': 'sqrt', 'n_estimators': 500, 'max_depth': 10, 'min_samples_split': 10, 'min_samples_leaf': 2, 'bootstrap': False},{'min_df': 1, 'ngram_range': (1, 1)}
0.35625,MyRandomForestClassifier,MyCountVectorizer,{'max_features': 'sqrt', 'n_estimators': 500, 'max_depth': 10, 'min_samples_split': 10, 'min_samples_leaf': 1, 'bootstrap': True},{'min_df': 1, 'ngram_range': (1, 1)}
0.35374999999999995,MyRandomForestClassifier,MyCountVectorizer,{'max_features': 'sqrt', 'n_estimators': 500, 'max_depth': 10, 'min_samples_split': 10, 'min_samples_leaf': 5, 'bootstrap': False},{'min_df': 1, 'ngram_range': (1, 1)}
0.313125,MyRandomForestClassifier,MyCountVectorizer,{'max_features': 'sqrt', 'n_estimators': 500, 'max_depth': 10, 'min_samples_split': 10, 'min_samples_leaf': 2, 'bootstrap': True},{'min_df': 1, 'ngram_range': (1, 1)}
0.35374999999999995,MyRandomForestClassifier,MyCountVectorizer,{'max_features': 'sqrt', 'n_estimators': 500, 'max_depth': 10, 'min_samples_split': 10, 'min_samples_leaf': 10, 'bootstrap': False},{'min_df': 1, 'ngram_range': (1, 1)}
0.3175,MyRandomForestClassifier,MyCountVectorizer,{'max_features': 'sqrt', 'n_estimators': 500, 'max_depth': 10, 'min_samples_split': 10, 'min_samples_leaf': 5, 'bootstrap': True},{'min_df': 1, 'ngram_range': (1, 1)}
0.35374999999999995,MyRandomForestClassifier,MyCountVectorizer,{'max_features': 'sqrt', 'n_estimators': 500, 'max_depth': 10, 'min_samples_split': 15, 'min_samples_leaf': 1, 'bootstrap': False},{'min_df': 1, 'ngram_range': (1, 1)}
0.325,MyRandomForestClassifier,MyCountVectorizer,{'max_features': 'sqrt', 'n_estimators': 500, 'max_depth': 10, 'min_samples_split': 10, 'min_samples_leaf': 10, 'bootstrap': True},{'min_df': 1, 'ngram_range': (1, 1)}
0.320625,MyRandomForestClassifier,MyCountVectorizer,{'max_features': 'sqrt', 'n_estimators': 500, 'max_depth': 10, 'min_samples_split': 15, 'min_samples_leaf': 1, 'bootstrap': True},{'min_df': 1, 'ngram_range': (1, 1)}
0.35374999999999995,MyRandomForestClassifier,MyCountVectorizer,{'max_features': 'sqrt', 'n_estimators': 500, 'max_depth': 10, 'min_samples_split': 15, 'min_samples_leaf': 2, 'bootstrap': False},{'min_df': 1, 'ngram_range': (1, 1)}
0.35374999999999995,MyRandomForestClassifier,MyCountVectorizer,{'max_features': 'sqrt', 'n_estimators': 500, 'max_depth': 10, 'min_samples_split': 15, 'min_samples_leaf': 5, 'bootstrap': False},{'min_df': 1, 'ngram_range': (1, 1)}
0.31937499999999996,MyRandomForestClassifier,MyCountVectorizer,{'max_features': 'sqrt', 'n_estimators': 500, 'max_depth': 10, 'min_samples_split': 15, 'min_samples_leaf': 2, 'bootstrap': True},{'min_df': 1, 'ngram_range': (1, 1)}
0.35374999999999995,MyRandomForestClassifier,MyCountVectorizer,{'max_features': 'sqrt', 'n_estimators': 500, 'max_depth': 10, 'min_samples_split': 15, 'min_samples_leaf': 10, 'bootstrap': False},{'min_df': 1, 'ngram_range': (1, 1)}
0.25625,MyRandomForestClassifier,MyCountVectorizer,{'max_features': 'sqrt', 'n_estimators': 500, 'max_depth': 10, 'min_samples_split': 15, 'min_samples_leaf': 5, 'bootstrap': True},{'min_df': 1, 'ngram_range': (1, 1)}
0.32625000000000004,MyRandomForestClassifier,MyCountVectorizer,{'max_features': 'sqrt', 'n_estimators': 500, 'max_depth': 10, 'min_samples_split': 15, 'min_samples_leaf': 10, 'bootstrap': True},{'min_df': 1, 'ngram_range': (1, 1)}
0.35374999999999995,MyRandomForestClassifier,MyCountVectorizer,{'max_features': 'sqrt', 'n_estimators': 500, 'max_depth': None, 'min_samples_split': 5, 'min_samples_leaf': 1, 'bootstrap': False},{'min_df': 1, 'ngram_range': (1, 1)}
0.300625,MyRandomForestClassifier,MyCountVectorizer,{'max_features': 'sqrt', 'n_estimators': 500, 'max_depth': None, 'min_samples_split': 5, 'min_samples_leaf': 1, 'bootstrap': True},{'min_df': 1, 'ngram_range': (1, 1)}
0.35374999999999995,MyRandomForestClassifier,MyCountVectorizer,{'max_features': 'sqrt', 'n_estimators': 500, 'max_depth': None, 'min_samples_split': 5, 'min_samples_leaf': 2, 'bootstrap': False},{'min_df': 1, 'ngram_range': (1, 1)}
0.35374999999999995,MyRandomForestClassifier,MyCountVectorizer,{'max_features': 'sqrt', 'n_estimators': 500, 'max_depth': None, 'min_samples_split': 5, 'min_samples_leaf': 5, 'bootstrap': False},{'min_df': 1, 'ngram_range': (1, 1)}
0.25125000000000003,MyRandomForestClassifier,MyCountVectorizer,{'max_features': 'sqrt', 'n_estimators': 500, 'max_depth': None, 'min_samples_split': 5, 'min_samples_leaf': 2, 'bootstrap': True},{'min_df': 1, 'ngram_range': (1, 1)}
0.35374999999999995,MyRandomForestClassifier,MyCountVectorizer,{'max_features': 'sqrt', 'n_estimators': 500, 'max_depth': None, 'min_samples_split': 5, 'min_samples_leaf': 10, 'bootstrap': False},{'min_df': 1, 'ngram_range': (1, 1)}
0.27874999999999994,MyRandomForestClassifier,MyCountVectorizer,{'max_features': 'sqrt', 'n_estimators': 500, 'max_depth': None, 'min_samples_split': 5, 'min_samples_leaf': 5, 'bootstrap': True},{'min_df': 1, 'ngram_range': (1, 1)}
0.35374999999999995,MyRandomForestClassifier,MyCountVectorizer,{'max_features': 'sqrt', 'n_estimators': 500, 'max_depth': None, 'min_samples_split': 10, 'min_samples_leaf': 1, 'bootstrap': False},{'min_df': 1, 'ngram_range': (1, 1)}
0.254375,MyRandomForestClassifier,MyCountVectorizer,{'max_features': 'sqrt', 'n_estimators': 500, 'max_depth': None, 'min_samples_split': 5, 'min_samples_leaf': 10, 'bootstrap': True},{'min_df': 1, 'ngram_range': (1, 1)}
0.30625,MyRandomForestClassifier,MyCountVectorizer,{'max_features': 'sqrt', 'n_estimators': 500, 'max_depth': None, 'min_samples_split': 10, 'min_samples_leaf': 1, 'bootstrap': True},{'min_df': 1, 'ngram_range': (1, 1)}
0.35374999999999995,MyRandomForestClassifier,MyCountVectorizer,{'max_features': 'sqrt', 'n_estimators': 500, 'max_depth': None, 'min_samples_split': 10, 'min_samples_leaf': 2, 'bootstrap': False},{'min_df': 1, 'ngram_range': (1, 1)}
0.35374999999999995,MyRandomForestClassifier,MyCountVectorizer,{'max_features': 'sqrt', 'n_estimators': 500, 'max_depth': None, 'min_samples_split': 10, 'min_samples_leaf': 5, 'bootstrap': False},{'min_df': 1, 'ngram_range': (1, 1)}
0.30125,MyRandomForestClassifier,MyCountVectorizer,{'max_features': 'sqrt', 'n_estimators': 500, 'max_depth': None, 'min_samples_split': 10, 'min_samples_leaf': 2, 'bootstrap': True},{'min_df': 1, 'ngram_range': (1, 1)}
0.35374999999999995,MyRandomForestClassifier,MyCountVectorizer,{'max_features': 'sqrt', 'n_estimators': 500, 'max_depth': None, 'min_samples_split': 10, 'min_samples_leaf': 10, 'bootstrap': False},{'min_df': 1, 'ngram_range': (1, 1)}
0.2775,MyRandomForestClassifier,MyCountVectorizer,{'max_features': 'sqrt', 'n_estimators': 500, 'max_depth': None, 'min_samples_split': 10, 'min_samples_leaf': 5, 'bootstrap': True},{'min_df': 1, 'ngram_range': (1, 1)}
0.35374999999999995,MyRandomForestClassifier,MyCountVectorizer,{'max_features': 'sqrt', 'n_estimators': 500, 'max_depth': None, 'min_samples_split': 15, 'min_samples_leaf': 1, 'bootstrap': False},{'min_df': 1, 'ngram_range': (1, 1)}
0.27125000000000005,MyRandomForestClassifier,MyCountVectorizer,{'max_features': 'sqrt', 'n_estimators': 500, 'max_depth': None, 'min_samples_split': 10, 'min_samples_leaf': 10, 'bootstrap': True},{'min_df': 1, 'ngram_range': (1, 1)}
0.276875,MyRandomForestClassifier,MyCountVectorizer,{'max_features': 'sqrt', 'n_estimators': 500, 'max_depth': None, 'min_samples_split': 15, 'min_samples_leaf': 1, 'bootstrap': True},{'min_df': 1, 'ngram_range': (1, 1)}
0.35374999999999995,MyRandomForestClassifier,MyCountVectorizer,{'max_features': 'sqrt', 'n_estimators': 500, 'max_depth': None, 'min_samples_split': 15, 'min_samples_leaf': 2, 'bootstrap': False},{'min_df': 1, 'ngram_range': (1, 1)}
0.26,MyRandomForestClassifier,MyCountVectorizer,{'max_features': 'sqrt', 'n_estimators': 500, 'max_depth': None, 'min_samples_split': 15, 'min_samples_leaf': 2, 'bootstrap': True},{'min_df': 1, 'ngram_range': (1, 1)}
0.35374999999999995,MyRandomForestClassifier,MyCountVectorizer,{'max_features': 'sqrt', 'n_estimators': 500, 'max_depth': None, 'min_samples_split': 15, 'min_samples_leaf': 5, 'bootstrap': False},{'min_df': 1, 'ngram_range': (1, 1)}
0.35374999999999995,MyRandomForestClassifier,MyCountVectorizer,{'max_features': 'sqrt', 'n_estimators': 500, 'max_depth': None, 'min_samples_split': 15, 'min_samples_leaf': 10, 'bootstrap': False},{'min_df': 1, 'ngram_range': (1, 1)}
0.25,MyRandomForestClassifier,MyCountVectorizer,{'max_features': 'sqrt', 'n_estimators': 500, 'max_depth': None, 'min_samples_split': 15, 'min_samples_leaf': 5, 'bootstrap': True},{'min_df': 1, 'ngram_range': (1, 1)}
0.291875,MyRandomForestClassifier,MyCountVectorizer,{'max_features': 'sqrt', 'n_estimators': 500, 'max_depth': None, 'min_samples_split': 15, 'min_samples_leaf': 10, 'bootstrap': True},{'min_df': 1, 'ngram_range': (1, 1)}
0.35374999999999995,MyRandomForestClassifier,MyCountVectorizer,{'max_features': 'sqrt', 'n_estimators': 1000, 'max_depth': 5, 'min_samples_split': 5, 'min_samples_leaf': 1, 'bootstrap': False},{'min_df': 1, 'ngram_range': (1, 1)}
0.35374999999999995,MyRandomForestClassifier,MyCountVectorizer,{'max_features': 'sqrt', 'n_estimators': 1000, 'max_depth': 5, 'min_samples_split': 5, 'min_samples_leaf': 2, 'bootstrap': False},{'min_df': 1, 'ngram_range': (1, 1)}
0.29000000000000004,MyRandomForestClassifier,MyCountVectorizer,{'max_features': 'sqrt', 'n_estimators': 1000, 'max_depth': 5, 'min_samples_split': 5, 'min_samples_leaf': 1, 'bootstrap': True},{'min_df': 1, 'ngram_range': (1, 1)}
0.35374999999999995,MyRandomForestClassifier,MyCountVectorizer,{'max_features': 'sqrt', 'n_estimators': 1000, 'max_depth': 5, 'min_samples_split': 5, 'min_samples_leaf': 5, 'bootstrap': False},{'min_df': 1, 'ngram_range': (1, 1)}
0.21875,MyRandomForestClassifier,MyCountVectorizer,{'max_features': 'sqrt', 'n_estimators': 1000, 'max_depth': 5, 'min_samples_split': 5, 'min_samples_leaf': 2, 'bootstrap': True},{'min_df': 1, 'ngram_range': (1, 1)}
0.35374999999999995,MyRandomForestClassifier,MyCountVectorizer,{'max_features': 'sqrt', 'n_estimators': 1000, 'max_depth': 5, 'min_samples_split': 5, 'min_samples_leaf': 10, 'bootstrap': False},{'min_df': 1, 'ngram_range': (1, 1)}
0.22125000000000003,MyRandomForestClassifier,MyCountVectorizer,{'max_features': 'sqrt', 'n_estimators': 1000, 'max_depth': 5, 'min_samples_split': 5, 'min_samples_leaf': 5, 'bootstrap': True},{'min_df': 1, 'ngram_range': (1, 1)}
0.35374999999999995,MyRandomForestClassifier,MyCountVectorizer,{'max_features': 'sqrt', 'n_estimators': 1000, 'max_depth': 5, 'min_samples_split': 10, 'min_samples_leaf': 1, 'bootstrap': False},{'min_df': 1, 'ngram_range': (1, 1)}
0.35374999999999995,MyRandomForestClassifier,MyCountVectorizer,{'max_features': 'sqrt', 'n_estimators': 1000, 'max_depth': 5, 'min_samples_split': 10, 'min_samples_leaf': 2, 'bootstrap': False},{'min_df': 1, 'ngram_range': (1, 1)}
0.24375,MyRandomForestClassifier,MyCountVectorizer,{'max_features': 'sqrt', 'n_estimators': 1000, 'max_depth': 5, 'min_samples_split': 5, 'min_samples_leaf': 10, 'bootstrap': True},{'min_df': 1, 'ngram_range': (1, 1)}
0.32875,MyRandomForestClassifier,MyCountVectorizer,{'max_features': 'sqrt', 'n_estimators': 1000, 'max_depth': 5, 'min_samples_split': 10, 'min_samples_leaf': 1, 'bootstrap': True},{'min_df': 1, 'ngram_range': (1, 1)}
0.35374999999999995,MyRandomForestClassifier,MyCountVectorizer,{'max_features': 'sqrt', 'n_estimators': 1000, 'max_depth': 5, 'min_samples_split': 10, 'min_samples_leaf': 5, 'bootstrap': False},{'min_df': 1, 'ngram_range': (1, 1)}
0.225,MyRandomForestClassifier,MyCountVectorizer,{'max_features': 'sqrt', 'n_estimators': 1000, 'max_depth': 5, 'min_samples_split': 10, 'min_samples_leaf': 2, 'bootstrap': True},{'min_df': 1, 'ngram_range': (1, 1)}
0.35374999999999995,MyRandomForestClassifier,MyCountVectorizer,{'max_features': 'sqrt', 'n_estimators': 1000, 'max_depth': 5, 'min_samples_split': 10, 'min_samples_leaf': 10, 'bootstrap': False},{'min_df': 1, 'ngram_range': (1, 1)}
0.29375,MyRandomForestClassifier,MyCountVectorizer,{'max_features': 'sqrt', 'n_estimators': 1000, 'max_depth': 5, 'min_samples_split': 10, 'min_samples_leaf': 5, 'bootstrap': True},{'min_df': 1, 'ngram_range': (1, 1)}
0.35374999999999995,MyRandomForestClassifier,MyCountVectorizer,{'max_features': 'sqrt', 'n_estimators': 1000, 'max_depth': 5, 'min_samples_split': 15, 'min_samples_leaf': 1, 'bootstrap': False},{'min_df': 1, 'ngram_range': (1, 1)}
0.30125,MyRandomForestClassifier,MyCountVectorizer,{'max_features': 'sqrt', 'n_estimators': 1000, 'max_depth': 5, 'min_samples_split': 10, 'min_samples_leaf': 10, 'bootstrap': True},{'min_df': 1, 'ngram_range': (1, 1)}
0.35374999999999995,MyRandomForestClassifier,MyCountVectorizer,{'max_features': 'sqrt', 'n_estimators': 1000, 'max_depth': 5, 'min_samples_split': 15, 'min_samples_leaf': 2, 'bootstrap': False},{'min_df': 1, 'ngram_range': (1, 1)}
0.3375,MyRandomForestClassifier,MyCountVectorizer,{'max_features': 'sqrt', 'n_estimators': 1000, 'max_depth': 5, 'min_samples_split': 15, 'min_samples_leaf': 1, 'bootstrap': True},{'min_df': 1, 'ngram_range': (1, 1)}
0.35374999999999995,MyRandomForestClassifier,MyCountVectorizer,{'max_features': 'sqrt', 'n_estimators': 1000, 'max_depth': 5, 'min_samples_split': 15, 'min_samples_leaf': 5, 'bootstrap': False},{'min_df': 1, 'ngram_range': (1, 1)}
0.285,MyRandomForestClassifier,MyCountVectorizer,{'max_features': 'sqrt', 'n_estimators': 1000, 'max_depth': 5, 'min_samples_split': 15, 'min_samples_leaf': 2, 'bootstrap': True},{'min_df': 1, 'ngram_range': (1, 1)}
0.35374999999999995,MyRandomForestClassifier,MyCountVectorizer,{'max_features': 'sqrt', 'n_estimators': 1000, 'max_depth': 5, 'min_samples_split': 15, 'min_samples_leaf': 10, 'bootstrap': False},{'min_df': 1, 'ngram_range': (1, 1)}
0.321875,MyRandomForestClassifier,MyCountVectorizer,{'max_features': 'sqrt', 'n_estimators': 1000, 'max_depth': 5, 'min_samples_split': 15, 'min_samples_leaf': 5, 'bootstrap': True},{'min_df': 1, 'ngram_range': (1, 1)}
0.35374999999999995,MyRandomForestClassifier,MyCountVectorizer,{'max_features': 'sqrt', 'n_estimators': 1000, 'max_depth': 10, 'min_samples_split': 5, 'min_samples_leaf': 1, 'bootstrap': False},{'min_df': 1, 'ngram_range': (1, 1)}
0.30999999999999994,MyRandomForestClassifier,MyCountVectorizer,{'max_features': 'sqrt', 'n_estimators': 1000, 'max_depth': 5, 'min_samples_split': 15, 'min_samples_leaf': 10, 'bootstrap': True},{'min_df': 1, 'ngram_range': (1, 1)}
0.35374999999999995,MyRandomForestClassifier,MyCountVectorizer,{'max_features': 'sqrt', 'n_estimators': 1000, 'max_depth': 10, 'min_samples_split': 5, 'min_samples_leaf': 2, 'bootstrap': False},{'min_df': 1, 'ngram_range': (1, 1)}
0.18249999999999997,MyRandomForestClassifier,MyCountVectorizer,{'max_features': 'sqrt', 'n_estimators': 1000, 'max_depth': 10, 'min_samples_split': 5, 'min_samples_leaf': 1, 'bootstrap': True},{'min_df': 1, 'ngram_range': (1, 1)}
0.35374999999999995,MyRandomForestClassifier,MyCountVectorizer,{'max_features': 'sqrt', 'n_estimators': 1000, 'max_depth': 10, 'min_samples_split': 5, 'min_samples_leaf': 5, 'bootstrap': False},{'min_df': 1, 'ngram_range': (1, 1)}
0.321875,MyRandomForestClassifier,MyCountVectorizer,{'max_features': 'sqrt', 'n_estimators': 1000, 'max_depth': 10, 'min_samples_split': 5, 'min_samples_leaf': 2, 'bootstrap': True},{'min_df': 1, 'ngram_range': (1, 1)}
0.35374999999999995,MyRandomForestClassifier,MyCountVectorizer,{'max_features': 'sqrt', 'n_estimators': 1000, 'max_depth': 10, 'min_samples_split': 5, 'min_samples_leaf': 10, 'bootstrap': False},{'min_df': 1, 'ngram_range': (1, 1)}
0.23875000000000002,MyRandomForestClassifier,MyCountVectorizer,{'max_features': 'sqrt', 'n_estimators': 1000, 'max_depth': 10, 'min_samples_split': 5, 'min_samples_leaf': 5, 'bootstrap': True},{'min_df': 1, 'ngram_range': (1, 1)}
0.35374999999999995,MyRandomForestClassifier,MyCountVectorizer,{'max_features': 'sqrt', 'n_estimators': 1000, 'max_depth': 10, 'min_samples_split': 10, 'min_samples_leaf': 1, 'bootstrap': False},{'min_df': 1, 'ngram_range': (1, 1)}
0.3,MyRandomForestClassifier,MyCountVectorizer,{'max_features': 'sqrt', 'n_estimators': 1000, 'max_depth': 10, 'min_samples_split': 5, 'min_samples_leaf': 10, 'bootstrap': True},{'min_df': 1, 'ngram_range': (1, 1)}
0.35374999999999995,MyRandomForestClassifier,MyCountVectorizer,{'max_features': 'sqrt', 'n_estimators': 1000, 'max_depth': 10, 'min_samples_split': 10, 'min_samples_leaf': 2, 'bootstrap': False},{'min_df': 1, 'ngram_range': (1, 1)}
0.19937500000000002,MyRandomForestClassifier,MyCountVectorizer,{'max_features': 'sqrt', 'n_estimators': 1000, 'max_depth': 10, 'min_samples_split': 10, 'min_samples_leaf': 1, 'bootstrap': True},{'min_df': 1, 'ngram_range': (1, 1)}
0.35374999999999995,MyRandomForestClassifier,MyCountVectorizer,{'max_features': 'sqrt', 'n_estimators': 1000, 'max_depth': 10, 'min_samples_split': 10, 'min_samples_leaf': 5, 'bootstrap': False},{'min_df': 1, 'ngram_range': (1, 1)}
0.284375,MyRandomForestClassifier,MyCountVectorizer,{'max_features': 'sqrt', 'n_estimators': 1000, 'max_depth': 10, 'min_samples_split': 10, 'min_samples_leaf': 2, 'bootstrap': True},{'min_df': 1, 'ngram_range': (1, 1)}
0.35374999999999995,MyRandomForestClassifier,MyCountVectorizer,{'max_features': 'sqrt', 'n_estimators': 1000, 'max_depth': 10, 'min_samples_split': 10, 'min_samples_leaf': 10, 'bootstrap': False},{'min_df': 1, 'ngram_range': (1, 1)}
0.241875,MyRandomForestClassifier,MyCountVectorizer,{'max_features': 'sqrt', 'n_estimators': 1000, 'max_depth': 10, 'min_samples_split': 10, 'min_samples_leaf': 5, 'bootstrap': True},{'min_df': 1, 'ngram_range': (1, 1)}
0.35374999999999995,MyRandomForestClassifier,MyCountVectorizer,{'max_features': 'sqrt', 'n_estimators': 1000, 'max_depth': 10, 'min_samples_split': 15, 'min_samples_leaf': 1, 'bootstrap': False},{'min_df': 1, 'ngram_range': (1, 1)}
0.25625,MyRandomForestClassifier,MyCountVectorizer,{'max_features': 'sqrt', 'n_estimators': 1000, 'max_depth': 10, 'min_samples_split': 10, 'min_samples_leaf': 10, 'bootstrap': True},{'min_df': 1, 'ngram_range': (1, 1)}
0.35374999999999995,MyRandomForestClassifier,MyCountVectorizer,{'max_features': 'sqrt', 'n_estimators': 1000, 'max_depth': 10, 'min_samples_split': 15, 'min_samples_leaf': 2, 'bootstrap': False},{'min_df': 1, 'ngram_range': (1, 1)}
0.254375,MyRandomForestClassifier,MyCountVectorizer,{'max_features': 'sqrt', 'n_estimators': 1000, 'max_depth': 10, 'min_samples_split': 15, 'min_samples_leaf': 1, 'bootstrap': True},{'min_df': 1, 'ngram_range': (1, 1)}
0.35374999999999995,MyRandomForestClassifier,MyCountVectorizer,{'max_features': 'sqrt', 'n_estimators': 1000, 'max_depth': 10, 'min_samples_split': 15, 'min_samples_leaf': 5, 'bootstrap': False},{'min_df': 1, 'ngram_range': (1, 1)}
0.26,MyRandomForestClassifier,MyCountVectorizer,{'max_features': 'sqrt', 'n_estimators': 1000, 'max_depth': 10, 'min_samples_split': 15, 'min_samples_leaf': 2, 'bootstrap': True},{'min_df': 1, 'ngram_range': (1, 1)}
0.165625,MyRandomForestClassifier,MyCountVectorizer,{'max_features': 'sqrt', 'n_estimators': 1000, 'max_depth': 10, 'min_samples_split': 15, 'min_samples_leaf': 5, 'bootstrap': True},{'min_df': 1, 'ngram_range': (1, 1)}
0.35374999999999995,MyRandomForestClassifier,MyCountVectorizer,{'max_features': 'sqrt', 'n_estimators': 1000, 'max_depth': 10, 'min_samples_split': 15, 'min_samples_leaf': 10, 'bootstrap': False},{'min_df': 1, 'ngram_range': (1, 1)}
0.2875,MyRandomForestClassifier,MyCountVectorizer,{'max_features': 'sqrt', 'n_estimators': 1000, 'max_depth': 10, 'min_samples_split': 15, 'min_samples_leaf': 10, 'bootstrap': True},{'min_df': 1, 'ngram_range': (1, 1)}
0.35374999999999995,MyRandomForestClassifier,MyCountVectorizer,{'max_features': 'sqrt', 'n_estimators': 1000, 'max_depth': None, 'min_samples_split': 5, 'min_samples_leaf': 1, 'bootstrap': False},{'min_df': 1, 'ngram_range': (1, 1)}
0.296875,MyRandomForestClassifier,MyCountVectorizer,{'max_features': 'sqrt', 'n_estimators': 1000, 'max_depth': None, 'min_samples_split': 5, 'min_samples_leaf': 1, 'bootstrap': True},{'min_df': 1, 'ngram_range': (1, 1)}
0.35374999999999995,MyRandomForestClassifier,MyCountVectorizer,{'max_features': 'sqrt', 'n_estimators': 1000, 'max_depth': None, 'min_samples_split': 5, 'min_samples_leaf': 2, 'bootstrap': False},{'min_df': 1, 'ngram_range': (1, 1)}
0.251875,MyRandomForestClassifier,MyCountVectorizer,{'max_features': 'sqrt', 'n_estimators': 1000, 'max_depth': None, 'min_samples_split': 5, 'min_samples_leaf': 2, 'bootstrap': True},{'min_df': 1, 'ngram_range': (1, 1)}
0.35374999999999995,MyRandomForestClassifier,MyCountVectorizer,{'max_features': 'sqrt', 'n_estimators': 1000, 'max_depth': None, 'min_samples_split': 5, 'min_samples_leaf': 5, 'bootstrap': False},{'min_df': 1, 'ngram_range': (1, 1)}
0.35374999999999995,MyRandomForestClassifier,MyCountVectorizer,{'max_features': 'sqrt', 'n_estimators': 1000, 'max_depth': None, 'min_samples_split': 5, 'min_samples_leaf': 10, 'bootstrap': False},{'min_df': 1, 'ngram_range': (1, 1)}
0.27999999999999997,MyRandomForestClassifier,MyCountVectorizer,{'max_features': 'sqrt', 'n_estimators': 1000, 'max_depth': None, 'min_samples_split': 5, 'min_samples_leaf': 5, 'bootstrap': True},{'min_df': 1, 'ngram_range': (1, 1)}
0.35374999999999995,MyRandomForestClassifier,MyCountVectorizer,{'max_features': 'sqrt', 'n_estimators': 1000, 'max_depth': None, 'min_samples_split': 10, 'min_samples_leaf': 1, 'bootstrap': False},{'min_df': 1, 'ngram_range': (1, 1)}
0.241875,MyRandomForestClassifier,MyCountVectorizer,{'max_features': 'sqrt', 'n_estimators': 1000, 'max_depth': None, 'min_samples_split': 5, 'min_samples_leaf': 10, 'bootstrap': True},{'min_df': 1, 'ngram_range': (1, 1)}
0.228125,MyRandomForestClassifier,MyCountVectorizer,{'max_features': 'sqrt', 'n_estimators': 1000, 'max_depth': None, 'min_samples_split': 10, 'min_samples_leaf': 1, 'bootstrap': True},{'min_df': 1, 'ngram_range': (1, 1)}
0.35374999999999995,MyRandomForestClassifier,MyCountVectorizer,{'max_features': 'sqrt', 'n_estimators': 1000, 'max_depth': None, 'min_samples_split': 10, 'min_samples_leaf': 2, 'bootstrap': False},{'min_df': 1, 'ngram_range': (1, 1)}
0.304375,MyRandomForestClassifier,MyCountVectorizer,{'max_features': 'sqrt', 'n_estimators': 1000, 'max_depth': None, 'min_samples_split': 10, 'min_samples_leaf': 2, 'bootstrap': True},{'min_df': 1, 'ngram_range': (1, 1)}
0.35374999999999995,MyRandomForestClassifier,MyCountVectorizer,{'max_features': 'sqrt', 'n_estimators': 1000, 'max_depth': None, 'min_samples_split': 10, 'min_samples_leaf': 5, 'bootstrap': False},{'min_df': 1, 'ngram_range': (1, 1)}
0.35374999999999995,MyRandomForestClassifier,MyCountVectorizer,{'max_features': 'sqrt', 'n_estimators': 1000, 'max_depth': None, 'min_samples_split': 10, 'min_samples_leaf': 10, 'bootstrap': False},{'min_df': 1, 'ngram_range': (1, 1)}
0.24437499999999995,MyRandomForestClassifier,MyCountVectorizer,{'max_features': 'sqrt', 'n_estimators': 1000, 'max_depth': None, 'min_samples_split': 10, 'min_samples_leaf': 5, 'bootstrap': True},{'min_df': 1, 'ngram_range': (1, 1)}
0.285,MyRandomForestClassifier,MyCountVectorizer,{'max_features': 'sqrt', 'n_estimators': 1000, 'max_depth': None, 'min_samples_split': 10, 'min_samples_leaf': 10, 'bootstrap': True},{'min_df': 1, 'ngram_range': (1, 1)}
0.35374999999999995,MyRandomForestClassifier,MyCountVectorizer,{'max_features': 'sqrt', 'n_estimators': 1000, 'max_depth': None, 'min_samples_split': 15, 'min_samples_leaf': 1, 'bootstrap': False},{'min_df': 1, 'ngram_range': (1, 1)}
0.355,MyRandomForestClassifier,MyCountVectorizer,{'max_features': 'sqrt', 'n_estimators': 1000, 'max_depth': None, 'min_samples_split': 15, 'min_samples_leaf': 1, 'bootstrap': True},{'min_df': 1, 'ngram_range': (1, 1)}
0.35374999999999995,MyRandomForestClassifier,MyCountVectorizer,{'max_features': 'sqrt', 'n_estimators': 1000, 'max_depth': None, 'min_samples_split': 15, 'min_samples_leaf': 2, 'bootstrap': False},{'min_df': 1, 'ngram_range': (1, 1)}
0.344375,MyRandomForestClassifier,MyCountVectorizer,{'max_features': 'sqrt', 'n_estimators': 1000, 'max_depth': None, 'min_samples_split': 15, 'min_samples_leaf': 2, 'bootstrap': True},{'min_df': 1, 'ngram_range': (1, 1)}
0.35374999999999995,MyRandomForestClassifier,MyCountVectorizer,{'max_features': 'sqrt', 'n_estimators': 1000, 'max_depth': None, 'min_samples_split': 15, 'min_samples_leaf': 5, 'bootstrap': False},{'min_df': 1, 'ngram_range': (1, 1)}
0.35374999999999995,MyRandomForestClassifier,MyCountVectorizer,{'max_features': 'sqrt', 'n_estimators': 1000, 'max_depth': None, 'min_samples_split': 15, 'min_samples_leaf': 10, 'bootstrap': False},{'min_df': 1, 'ngram_range': (1, 1)}
0.241875,MyRandomForestClassifier,MyCountVectorizer,{'max_features': 'sqrt', 'n_estimators': 1000, 'max_depth': None, 'min_samples_split': 15, 'min_samples_leaf': 5, 'bootstrap': True},{'min_df': 1, 'ngram_range': (1, 1)}
0.35374999999999995,MyRandomForestClassifier,MyCountVectorizer,{'max_features': 'sqrt', 'n_estimators': 1500, 'max_depth': 5, 'min_samples_split': 5, 'min_samples_leaf': 1, 'bootstrap': False},{'min_df': 1, 'ngram_range': (1, 1)}
0.275,MyRandomForestClassifier,MyCountVectorizer,{'max_features': 'sqrt', 'n_estimators': 1000, 'max_depth': None, 'min_samples_split': 15, 'min_samples_leaf': 10, 'bootstrap': True},{'min_df': 1, 'ngram_range': (1, 1)}
0.35374999999999995,MyRandomForestClassifier,MyCountVectorizer,{'max_features': 'sqrt', 'n_estimators': 1500, 'max_depth': 5, 'min_samples_split': 5, 'min_samples_leaf': 2, 'bootstrap': False},{'min_df': 1, 'ngram_range': (1, 1)}
0.24874999999999997,MyRandomForestClassifier,MyCountVectorizer,{'max_features': 'sqrt', 'n_estimators': 1500, 'max_depth': 5, 'min_samples_split': 5, 'min_samples_leaf': 1, 'bootstrap': True},{'min_df': 1, 'ngram_range': (1, 1)}
0.35374999999999995,MyRandomForestClassifier,MyCountVectorizer,{'max_features': 'sqrt', 'n_estimators': 1500, 'max_depth': 5, 'min_samples_split': 5, 'min_samples_leaf': 5, 'bootstrap': False},{'min_df': 1, 'ngram_range': (1, 1)}
0.24125000000000005,MyRandomForestClassifier,MyCountVectorizer,{'max_features': 'sqrt', 'n_estimators': 1500, 'max_depth': 5, 'min_samples_split': 5, 'min_samples_leaf': 2, 'bootstrap': True},{'min_df': 1, 'ngram_range': (1, 1)}
0.35374999999999995,MyRandomForestClassifier,MyCountVectorizer,{'max_features': 'sqrt', 'n_estimators': 1500, 'max_depth': 5, 'min_samples_split': 5, 'min_samples_leaf': 10, 'bootstrap': False},{'min_df': 1, 'ngram_range': (1, 1)}
0.3375,MyRandomForestClassifier,MyCountVectorizer,{'max_features': 'sqrt', 'n_estimators': 1500, 'max_depth': 5, 'min_samples_split': 5, 'min_samples_leaf': 5, 'bootstrap': True},{'min_df': 1, 'ngram_range': (1, 1)}
0.35374999999999995,MyRandomForestClassifier,MyCountVectorizer,{'max_features': 'sqrt', 'n_estimators': 1500, 'max_depth': 5, 'min_samples_split': 10, 'min_samples_leaf': 1, 'bootstrap': False},{'min_df': 1, 'ngram_range': (1, 1)}
0.24937499999999999,MyRandomForestClassifier,MyCountVectorizer,{'max_features': 'sqrt', 'n_estimators': 1500, 'max_depth': 5, 'min_samples_split': 5, 'min_samples_leaf': 10, 'bootstrap': True},{'min_df': 1, 'ngram_range': (1, 1)}
0.35374999999999995,MyRandomForestClassifier,MyCountVectorizer,{'max_features': 'sqrt', 'n_estimators': 1500, 'max_depth': 5, 'min_samples_split': 10, 'min_samples_leaf': 2, 'bootstrap': False},{'min_df': 1, 'ngram_range': (1, 1)}
0.23562500000000003,MyRandomForestClassifier,MyCountVectorizer,{'max_features': 'sqrt', 'n_estimators': 1500, 'max_depth': 5, 'min_samples_split': 10, 'min_samples_leaf': 1, 'bootstrap': True},{'min_df': 1, 'ngram_range': (1, 1)}
0.35374999999999995,MyRandomForestClassifier,MyCountVectorizer,{'max_features': 'sqrt', 'n_estimators': 1500, 'max_depth': 5, 'min_samples_split': 10, 'min_samples_leaf': 5, 'bootstrap': False},{'min_df': 1, 'ngram_range': (1, 1)}
0.159375,MyRandomForestClassifier,MyCountVectorizer,{'max_features': 'sqrt', 'n_estimators': 1500, 'max_depth': 5, 'min_samples_split': 10, 'min_samples_leaf': 2, 'bootstrap': True},{'min_df': 1, 'ngram_range': (1, 1)}
0.35374999999999995,MyRandomForestClassifier,MyCountVectorizer,{'max_features': 'sqrt', 'n_estimators': 1500, 'max_depth': 5, 'min_samples_split': 10, 'min_samples_leaf': 10, 'bootstrap': False},{'min_df': 1, 'ngram_range': (1, 1)}
0.34375,MyRandomForestClassifier,MyCountVectorizer,{'max_features': 'sqrt', 'n_estimators': 1500, 'max_depth': 5, 'min_samples_split': 10, 'min_samples_leaf': 5, 'bootstrap': True},{'min_df': 1, 'ngram_range': (1, 1)}
0.35374999999999995,MyRandomForestClassifier,MyCountVectorizer,{'max_features': 'sqrt', 'n_estimators': 1500, 'max_depth': 5, 'min_samples_split': 15, 'min_samples_leaf': 1, 'bootstrap': False},{'min_df': 1, 'ngram_range': (1, 1)}
0.25,MyRandomForestClassifier,MyCountVectorizer,{'max_features': 'sqrt', 'n_estimators': 1500, 'max_depth': 5, 'min_samples_split': 10, 'min_samples_leaf': 10, 'bootstrap': True},{'min_df': 1, 'ngram_range': (1, 1)}
0.35374999999999995,MyRandomForestClassifier,MyCountVectorizer,{'max_features': 'sqrt', 'n_estimators': 1500, 'max_depth': 5, 'min_samples_split': 15, 'min_samples_leaf': 2, 'bootstrap': False},{'min_df': 1, 'ngram_range': (1, 1)}
0.18625,MyRandomForestClassifier,MyCountVectorizer,{'max_features': 'sqrt', 'n_estimators': 1500, 'max_depth': 5, 'min_samples_split': 15, 'min_samples_leaf': 1, 'bootstrap': True},{'min_df': 1, 'ngram_range': (1, 1)}
0.35374999999999995,MyRandomForestClassifier,MyCountVectorizer,{'max_features': 'sqrt', 'n_estimators': 1500, 'max_depth': 5, 'min_samples_split': 15, 'min_samples_leaf': 5, 'bootstrap': False},{'min_df': 1, 'ngram_range': (1, 1)}
0.31124999999999997,MyRandomForestClassifier,MyCountVectorizer,{'max_features': 'sqrt', 'n_estimators': 1500, 'max_depth': 5, 'min_samples_split': 15, 'min_samples_leaf': 2, 'bootstrap': True},{'min_df': 1, 'ngram_range': (1, 1)}
0.35374999999999995,MyRandomForestClassifier,MyCountVectorizer,{'max_features': 'sqrt', 'n_estimators': 1500, 'max_depth': 5, 'min_samples_split': 15, 'min_samples_leaf': 10, 'bootstrap': False},{'min_df': 1, 'ngram_range': (1, 1)}
0.285,MyRandomForestClassifier,MyCountVectorizer,{'max_features': 'sqrt', 'n_estimators': 1500, 'max_depth': 5, 'min_samples_split': 15, 'min_samples_leaf': 5, 'bootstrap': True},{'min_df': 1, 'ngram_range': (1, 1)}
0.35374999999999995,MyRandomForestClassifier,MyCountVectorizer,{'max_features': 'sqrt', 'n_estimators': 1500, 'max_depth': 10, 'min_samples_split': 5, 'min_samples_leaf': 1, 'bootstrap': False},{'min_df': 1, 'ngram_range': (1, 1)}
0.32875,MyRandomForestClassifier,MyCountVectorizer,{'max_features': 'sqrt', 'n_estimators': 1500, 'max_depth': 5, 'min_samples_split': 15, 'min_samples_leaf': 10, 'bootstrap': True},{'min_df': 1, 'ngram_range': (1, 1)}
0.35374999999999995,MyRandomForestClassifier,MyCountVectorizer,{'max_features': 'sqrt', 'n_estimators': 1500, 'max_depth': 10, 'min_samples_split': 5, 'min_samples_leaf': 2, 'bootstrap': False},{'min_df': 1, 'ngram_range': (1, 1)}
0.27937500000000004,MyRandomForestClassifier,MyCountVectorizer,{'max_features': 'sqrt', 'n_estimators': 1500, 'max_depth': 10, 'min_samples_split': 5, 'min_samples_leaf': 1, 'bootstrap': True},{'min_df': 1, 'ngram_range': (1, 1)}
0.35374999999999995,MyRandomForestClassifier,MyCountVectorizer,{'max_features': 'sqrt', 'n_estimators': 1500, 'max_depth': 10, 'min_samples_split': 5, 'min_samples_leaf': 5, 'bootstrap': False},{'min_df': 1, 'ngram_range': (1, 1)}
0.280625,MyRandomForestClassifier,MyCountVectorizer,{'max_features': 'sqrt', 'n_estimators': 1500, 'max_depth': 10, 'min_samples_split': 5, 'min_samples_leaf': 2, 'bootstrap': True},{'min_df': 1, 'ngram_range': (1, 1)}
0.343125,MyRandomForestClassifier,MyCountVectorizer,{'max_features': 'sqrt', 'n_estimators': 1500, 'max_depth': 10, 'min_samples_split': 5, 'min_samples_leaf': 5, 'bootstrap': True},{'min_df': 1, 'ngram_range': (1, 1)}
0.35374999999999995,MyRandomForestClassifier,MyCountVectorizer,{'max_features': 'sqrt', 'n_estimators': 1500, 'max_depth': 10, 'min_samples_split': 5, 'min_samples_leaf': 10, 'bootstrap': False},{'min_df': 1, 'ngram_range': (1, 1)}
0.35374999999999995,MyRandomForestClassifier,MyCountVectorizer,{'max_features': 'sqrt', 'n_estimators': 1500, 'max_depth': 10, 'min_samples_split': 10, 'min_samples_leaf': 1, 'bootstrap': False},{'min_df': 1, 'ngram_range': (1, 1)}
0.31062500000000004,MyRandomForestClassifier,MyCountVectorizer,{'max_features': 'sqrt', 'n_estimators': 1500, 'max_depth': 10, 'min_samples_split': 5, 'min_samples_leaf': 10, 'bootstrap': True},{'min_df': 1, 'ngram_range': (1, 1)}
0.35374999999999995,MyRandomForestClassifier,MyCountVectorizer,{'max_features': 'sqrt', 'n_estimators': 1500, 'max_depth': 10, 'min_samples_split': 10, 'min_samples_leaf': 2, 'bootstrap': False},{'min_df': 1, 'ngram_range': (1, 1)}
0.30250000000000005,MyRandomForestClassifier,MyCountVectorizer,{'max_features': 'sqrt', 'n_estimators': 1500, 'max_depth': 10, 'min_samples_split': 10, 'min_samples_leaf': 1, 'bootstrap': True},{'min_df': 1, 'ngram_range': (1, 1)}
0.2425,MyRandomForestClassifier,MyCountVectorizer,{'max_features': 'sqrt', 'n_estimators': 1500, 'max_depth': 10, 'min_samples_split': 10, 'min_samples_leaf': 2, 'bootstrap': True},{'min_df': 1, 'ngram_range': (1, 1)}
0.35374999999999995,MyRandomForestClassifier,MyCountVectorizer,{'max_features': 'sqrt', 'n_estimators': 1500, 'max_depth': 10, 'min_samples_split': 10, 'min_samples_leaf': 5, 'bootstrap': False},{'min_df': 1, 'ngram_range': (1, 1)}
0.35374999999999995,MyRandomForestClassifier,MyCountVectorizer,{'max_features': 'sqrt', 'n_estimators': 1500, 'max_depth': 10, 'min_samples_split': 10, 'min_samples_leaf': 10, 'bootstrap': False},{'min_df': 1, 'ngram_range': (1, 1)}
0.23499999999999996,MyRandomForestClassifier,MyCountVectorizer,{'max_features': 'sqrt', 'n_estimators': 1500, 'max_depth': 10, 'min_samples_split': 10, 'min_samples_leaf': 5, 'bootstrap': True},{'min_df': 1, 'ngram_range': (1, 1)}
0.35374999999999995,MyRandomForestClassifier,MyCountVectorizer,{'max_features': 'sqrt', 'n_estimators': 1500, 'max_depth': 10, 'min_samples_split': 15, 'min_samples_leaf': 1, 'bootstrap': False},{'min_df': 1, 'ngram_range': (1, 1)}
0.20749999999999996,MyRandomForestClassifier,MyCountVectorizer,{'max_features': 'sqrt', 'n_estimators': 1500, 'max_depth': 10, 'min_samples_split': 10, 'min_samples_leaf': 10, 'bootstrap': True},{'min_df': 1, 'ngram_range': (1, 1)}
0.254375,MyRandomForestClassifier,MyCountVectorizer,{'max_features': 'sqrt', 'n_estimators': 1500, 'max_depth': 10, 'min_samples_split': 15, 'min_samples_leaf': 1, 'bootstrap': True},{'min_df': 1, 'ngram_range': (1, 1)}
0.35374999999999995,MyRandomForestClassifier,MyCountVectorizer,{'max_features': 'sqrt', 'n_estimators': 1500, 'max_depth': 10, 'min_samples_split': 15, 'min_samples_leaf': 2, 'bootstrap': False},{'min_df': 1, 'ngram_range': (1, 1)}
0.35374999999999995,MyRandomForestClassifier,MyCountVectorizer,{'max_features': 'sqrt', 'n_estimators': 1500, 'max_depth': 10, 'min_samples_split': 15, 'min_samples_leaf': 5, 'bootstrap': False},{'min_df': 1, 'ngram_range': (1, 1)}
0.324375,MyRandomForestClassifier,MyCountVectorizer,{'max_features': 'sqrt', 'n_estimators': 1500, 'max_depth': 10, 'min_samples_split': 15, 'min_samples_leaf': 2, 'bootstrap': True},{'min_df': 1, 'ngram_range': (1, 1)}
0.35374999999999995,MyRandomForestClassifier,MyCountVectorizer,{'max_features': 'sqrt', 'n_estimators': 1500, 'max_depth': 10, 'min_samples_split': 15, 'min_samples_leaf': 10, 'bootstrap': False},{'min_df': 1, 'ngram_range': (1, 1)}
0.20187499999999997,MyRandomForestClassifier,MyCountVectorizer,{'max_features': 'sqrt', 'n_estimators': 1500, 'max_depth': 10, 'min_samples_split': 15, 'min_samples_leaf': 5, 'bootstrap': True},{'min_df': 1, 'ngram_range': (1, 1)}
0.134375,MyRandomForestClassifier,MyCountVectorizer,{'max_features': 'sqrt', 'n_estimators': 1500, 'max_depth': 10, 'min_samples_split': 15, 'min_samples_leaf': 10, 'bootstrap': True},{'min_df': 1, 'ngram_range': (1, 1)}
0.35374999999999995,MyRandomForestClassifier,MyCountVectorizer,{'max_features': 'sqrt', 'n_estimators': 1500, 'max_depth': None, 'min_samples_split': 5, 'min_samples_leaf': 1, 'bootstrap': False},{'min_df': 1, 'ngram_range': (1, 1)}
0.35374999999999995,MyRandomForestClassifier,MyCountVectorizer,{'max_features': 'sqrt', 'n_estimators': 1500, 'max_depth': None, 'min_samples_split': 5, 'min_samples_leaf': 2, 'bootstrap': False},{'min_df': 1, 'ngram_range': (1, 1)}
0.35374999999999995,MyRandomForestClassifier,MyCountVectorizer,{'max_features': 'sqrt', 'n_estimators': 1500, 'max_depth': None, 'min_samples_split': 5, 'min_samples_leaf': 1, 'bootstrap': True},{'min_df': 1, 'ngram_range': (1, 1)}
0.20562500000000003,MyRandomForestClassifier,MyCountVectorizer,{'max_features': 'sqrt', 'n_estimators': 1500, 'max_depth': None, 'min_samples_split': 5, 'min_samples_leaf': 2, 'bootstrap': True},{'min_df': 1, 'ngram_range': (1, 1)}
0.35374999999999995,MyRandomForestClassifier,MyCountVectorizer,{'max_features': 'sqrt', 'n_estimators': 1500, 'max_depth': None, 'min_samples_split': 5, 'min_samples_leaf': 5, 'bootstrap': False},{'min_df': 1, 'ngram_range': (1, 1)}
0.35374999999999995,MyRandomForestClassifier,MyCountVectorizer,{'max_features': 'sqrt', 'n_estimators': 1500, 'max_depth': None, 'min_samples_split': 5, 'min_samples_leaf': 10, 'bootstrap': False},{'min_df': 1, 'ngram_range': (1, 1)}
0.2975,MyRandomForestClassifier,MyCountVectorizer,{'max_features': 'sqrt', 'n_estimators': 1500, 'max_depth': None, 'min_samples_split': 5, 'min_samples_leaf': 5, 'bootstrap': True},{'min_df': 1, 'ngram_range': (1, 1)}
0.35374999999999995,MyRandomForestClassifier,MyCountVectorizer,{'max_features': 'sqrt', 'n_estimators': 1500, 'max_depth': None, 'min_samples_split': 10, 'min_samples_leaf': 1, 'bootstrap': False},{'min_df': 1, 'ngram_range': (1, 1)}
0.32,MyRandomForestClassifier,MyCountVectorizer,{'max_features': 'sqrt', 'n_estimators': 1500, 'max_depth': None, 'min_samples_split': 5, 'min_samples_leaf': 10, 'bootstrap': True},{'min_df': 1, 'ngram_range': (1, 1)}
0.2375,MyRandomForestClassifier,MyCountVectorizer,{'max_features': 'sqrt', 'n_estimators': 1500, 'max_depth': None, 'min_samples_split': 10, 'min_samples_leaf': 1, 'bootstrap': True},{'min_df': 1, 'ngram_range': (1, 1)}
0.35374999999999995,MyRandomForestClassifier,MyCountVectorizer,{'max_features': 'sqrt', 'n_estimators': 1500, 'max_depth': None, 'min_samples_split': 10, 'min_samples_leaf': 2, 'bootstrap': False},{'min_df': 1, 'ngram_range': (1, 1)}
0.26375000000000004,MyRandomForestClassifier,MyCountVectorizer,{'max_features': 'sqrt', 'n_estimators': 1500, 'max_depth': None, 'min_samples_split': 10, 'min_samples_leaf': 2, 'bootstrap': True},{'min_df': 1, 'ngram_range': (1, 1)}
0.35374999999999995,MyRandomForestClassifier,MyCountVectorizer,{'max_features': 'sqrt', 'n_estimators': 1500, 'max_depth': None, 'min_samples_split': 10, 'min_samples_leaf': 5, 'bootstrap': False},{'min_df': 1, 'ngram_range': (1, 1)}
0.35374999999999995,MyRandomForestClassifier,MyCountVectorizer,{'max_features': 'sqrt', 'n_estimators': 1500, 'max_depth': None, 'min_samples_split': 10, 'min_samples_leaf': 10, 'bootstrap': False},{'min_df': 1, 'ngram_range': (1, 1)}
0.23812499999999998,MyRandomForestClassifier,MyCountVectorizer,{'max_features': 'sqrt', 'n_estimators': 1500, 'max_depth': None, 'min_samples_split': 10, 'min_samples_leaf': 5, 'bootstrap': True},{'min_df': 1, 'ngram_range': (1, 1)}
0.24250000000000002,MyRandomForestClassifier,MyCountVectorizer,{'max_features': 'sqrt', 'n_estimators': 1500, 'max_depth': None, 'min_samples_split': 10, 'min_samples_leaf': 10, 'bootstrap': True},{'min_df': 1, 'ngram_range': (1, 1)}
0.35374999999999995,MyRandomForestClassifier,MyCountVectorizer,{'max_features': 'sqrt', 'n_estimators': 1500, 'max_depth': None, 'min_samples_split': 15, 'min_samples_leaf': 1, 'bootstrap': False},{'min_df': 1, 'ngram_range': (1, 1)}
0.251875,MyRandomForestClassifier,MyCountVectorizer,{'max_features': 'sqrt', 'n_estimators': 1500, 'max_depth': None, 'min_samples_split': 15, 'min_samples_leaf': 1, 'bootstrap': True},{'min_df': 1, 'ngram_range': (1, 1)}
0.35374999999999995,MyRandomForestClassifier,MyCountVectorizer,{'max_features': 'sqrt', 'n_estimators': 1500, 'max_depth': None, 'min_samples_split': 15, 'min_samples_leaf': 2, 'bootstrap': False},{'min_df': 1, 'ngram_range': (1, 1)}
0.31812500000000005,MyRandomForestClassifier,MyCountVectorizer,{'max_features': 'sqrt', 'n_estimators': 1500, 'max_depth': None, 'min_samples_split': 15, 'min_samples_leaf': 2, 'bootstrap': True},{'min_df': 1, 'ngram_range': (1, 1)}
0.35374999999999995,MyRandomForestClassifier,MyCountVectorizer,{'max_features': 'sqrt', 'n_estimators': 1500, 'max_depth': None, 'min_samples_split': 15, 'min_samples_leaf': 5, 'bootstrap': False},{'min_df': 1, 'ngram_range': (1, 1)}
0.35374999999999995,MyRandomForestClassifier,MyCountVectorizer,{'max_features': 'sqrt', 'n_estimators': 1500, 'max_depth': None, 'min_samples_split': 15, 'min_samples_leaf': 10, 'bootstrap': False},{'min_df': 1, 'ngram_range': (1, 1)}
0.304375,MyRandomForestClassifier,MyCountVectorizer,{'max_features': 'log2', 'n_estimators': 500, 'max_depth': 5, 'min_samples_split': 5, 'min_samples_leaf': 1, 'bootstrap': True},{'min_df': 1, 'ngram_range': (1, 1)}
0.24562499999999998,MyRandomForestClassifier,MyCountVectorizer,{'max_features': 'sqrt', 'n_estimators': 1500, 'max_depth': None, 'min_samples_split': 15, 'min_samples_leaf': 5, 'bootstrap': True},{'min_df': 1, 'ngram_range': (1, 1)}
0.35374999999999995,MyRandomForestClassifier,MyCountVectorizer,{'max_features': 'log2', 'n_estimators': 500, 'max_depth': 5, 'min_samples_split': 5, 'min_samples_leaf': 1, 'bootstrap': False},{'min_df': 1, 'ngram_range': (1, 1)}
0.35374999999999995,MyRandomForestClassifier,MyCountVectorizer,{'max_features': 'log2', 'n_estimators': 500, 'max_depth': 5, 'min_samples_split': 5, 'min_samples_leaf': 2, 'bootstrap': False},{'min_df': 1, 'ngram_range': (1, 1)}
0.35374999999999995,MyRandomForestClassifier,MyCountVectorizer,{'max_features': 'log2', 'n_estimators': 500, 'max_depth': 5, 'min_samples_split': 5, 'min_samples_leaf': 5, 'bootstrap': False},{'min_df': 1, 'ngram_range': (1, 1)}
0.3275,MyRandomForestClassifier,MyCountVectorizer,{'max_features': 'log2', 'n_estimators': 500, 'max_depth': 5, 'min_samples_split': 5, 'min_samples_leaf': 2, 'bootstrap': True},{'min_df': 1, 'ngram_range': (1, 1)}
0.26687500000000003,MyRandomForestClassifier,MyCountVectorizer,{'max_features': 'log2', 'n_estimators': 500, 'max_depth': 5, 'min_samples_split': 5, 'min_samples_leaf': 5, 'bootstrap': True},{'min_df': 1, 'ngram_range': (1, 1)}
0.35374999999999995,MyRandomForestClassifier,MyCountVectorizer,{'max_features': 'log2', 'n_estimators': 500, 'max_depth': 5, 'min_samples_split': 5, 'min_samples_leaf': 10, 'bootstrap': False},{'min_df': 1, 'ngram_range': (1, 1)}
0.22375000000000003,MyRandomForestClassifier,MyCountVectorizer,{'max_features': 'sqrt', 'n_estimators': 1500, 'max_depth': None, 'min_samples_split': 15, 'min_samples_leaf': 10, 'bootstrap': True},{'min_df': 1, 'ngram_range': (1, 1)}
0.35374999999999995,MyRandomForestClassifier,MyCountVectorizer,{'max_features': 'log2', 'n_estimators': 500, 'max_depth': 5, 'min_samples_split': 10, 'min_samples_leaf': 1, 'bootstrap': False},{'min_df': 1, 'ngram_range': (1, 1)}
0.3037500000000001,MyRandomForestClassifier,MyCountVectorizer,{'max_features': 'log2', 'n_estimators': 500, 'max_depth': 5, 'min_samples_split': 5, 'min_samples_leaf': 10, 'bootstrap': True},{'min_df': 1, 'ngram_range': (1, 1)}
0.35374999999999995,MyRandomForestClassifier,MyCountVectorizer,{'max_features': 'log2', 'n_estimators': 500, 'max_depth': 5, 'min_samples_split': 10, 'min_samples_leaf': 2, 'bootstrap': False},{'min_df': 1, 'ngram_range': (1, 1)}
0.35374999999999995,MyRandomForestClassifier,MyCountVectorizer,{'max_features': 'log2', 'n_estimators': 500, 'max_depth': 5, 'min_samples_split': 10, 'min_samples_leaf': 5, 'bootstrap': False},{'min_df': 1, 'ngram_range': (1, 1)}
0.32875,MyRandomForestClassifier,MyCountVectorizer,{'max_features': 'log2', 'n_estimators': 500, 'max_depth': 5, 'min_samples_split': 10, 'min_samples_leaf': 1, 'bootstrap': True},{'min_df': 1, 'ngram_range': (1, 1)}
0.32875,MyRandomForestClassifier,MyCountVectorizer,{'max_features': 'log2', 'n_estimators': 500, 'max_depth': 5, 'min_samples_split': 10, 'min_samples_leaf': 2, 'bootstrap': True},{'min_df': 1, 'ngram_range': (1, 1)}
0.35374999999999995,MyRandomForestClassifier,MyCountVectorizer,{'max_features': 'log2', 'n_estimators': 500, 'max_depth': 5, 'min_samples_split': 10, 'min_samples_leaf': 10, 'bootstrap': False},{'min_df': 1, 'ngram_range': (1, 1)}
0.27249999999999996,MyRandomForestClassifier,MyCountVectorizer,{'max_features': 'log2', 'n_estimators': 500, 'max_depth': 5, 'min_samples_split': 10, 'min_samples_leaf': 5, 'bootstrap': True},{'min_df': 1, 'ngram_range': (1, 1)}
0.35374999999999995,MyRandomForestClassifier,MyCountVectorizer,{'max_features': 'log2', 'n_estimators': 500, 'max_depth': 5, 'min_samples_split': 15, 'min_samples_leaf': 1, 'bootstrap': False},{'min_df': 1, 'ngram_range': (1, 1)}
0.35374999999999995,MyRandomForestClassifier,MyCountVectorizer,{'max_features': 'log2', 'n_estimators': 500, 'max_depth': 5, 'min_samples_split': 15, 'min_samples_leaf': 2, 'bootstrap': False},{'min_df': 1, 'ngram_range': (1, 1)}
0.29437499999999994,MyRandomForestClassifier,MyCountVectorizer,{'max_features': 'log2', 'n_estimators': 500, 'max_depth': 5, 'min_samples_split': 10, 'min_samples_leaf': 10, 'bootstrap': True},{'min_df': 1, 'ngram_range': (1, 1)}
0.35374999999999995,MyRandomForestClassifier,MyCountVectorizer,{'max_features': 'log2', 'n_estimators': 500, 'max_depth': 5, 'min_samples_split': 15, 'min_samples_leaf': 5, 'bootstrap': False},{'min_df': 1, 'ngram_range': (1, 1)}
0.238125,MyRandomForestClassifier,MyCountVectorizer,{'max_features': 'log2', 'n_estimators': 500, 'max_depth': 5, 'min_samples_split': 15, 'min_samples_leaf': 1, 'bootstrap': True},{'min_df': 1, 'ngram_range': (1, 1)}
0.35374999999999995,MyRandomForestClassifier,MyCountVectorizer,{'max_features': 'log2', 'n_estimators': 500, 'max_depth': 5, 'min_samples_split': 15, 'min_samples_leaf': 10, 'bootstrap': False},{'min_df': 1, 'ngram_range': (1, 1)}
0.30999999999999994,MyRandomForestClassifier,MyCountVectorizer,{'max_features': 'log2', 'n_estimators': 500, 'max_depth': 5, 'min_samples_split': 15, 'min_samples_leaf': 2, 'bootstrap': True},{'min_df': 1, 'ngram_range': (1, 1)}
0.27625,MyRandomForestClassifier,MyCountVectorizer,{'max_features': 'log2', 'n_estimators': 500, 'max_depth': 5, 'min_samples_split': 15, 'min_samples_leaf': 5, 'bootstrap': True},{'min_df': 1, 'ngram_range': (1, 1)}
0.35374999999999995,MyRandomForestClassifier,MyCountVectorizer,{'max_features': 'log2', 'n_estimators': 500, 'max_depth': 10, 'min_samples_split': 5, 'min_samples_leaf': 1, 'bootstrap': False},{'min_df': 1, 'ngram_range': (1, 1)}
0.35374999999999995,MyRandomForestClassifier,MyCountVectorizer,{'max_features': 'log2', 'n_estimators': 500, 'max_depth': 10, 'min_samples_split': 5, 'min_samples_leaf': 2, 'bootstrap': False},{'min_df': 1, 'ngram_range': (1, 1)}
0.28875,MyRandomForestClassifier,MyCountVectorizer,{'max_features': 'log2', 'n_estimators': 500, 'max_depth': 5, 'min_samples_split': 15, 'min_samples_leaf': 10, 'bootstrap': True},{'min_df': 1, 'ngram_range': (1, 1)}
0.21125,MyRandomForestClassifier,MyCountVectorizer,{'max_features': 'log2', 'n_estimators': 500, 'max_depth': 10, 'min_samples_split': 5, 'min_samples_leaf': 1, 'bootstrap': True},{'min_df': 1, 'ngram_range': (1, 1)}
0.35374999999999995,MyRandomForestClassifier,MyCountVectorizer,{'max_features': 'log2', 'n_estimators': 500, 'max_depth': 10, 'min_samples_split': 5, 'min_samples_leaf': 5, 'bootstrap': False},{'min_df': 1, 'ngram_range': (1, 1)}
0.291875,MyRandomForestClassifier,MyCountVectorizer,{'max_features': 'log2', 'n_estimators': 500, 'max_depth': 10, 'min_samples_split': 5, 'min_samples_leaf': 2, 'bootstrap': True},{'min_df': 1, 'ngram_range': (1, 1)}
0.35374999999999995,MyRandomForestClassifier,MyCountVectorizer,{'max_features': 'log2', 'n_estimators': 500, 'max_depth': 10, 'min_samples_split': 5, 'min_samples_leaf': 10, 'bootstrap': False},{'min_df': 1, 'ngram_range': (1, 1)}
0.35374999999999995,MyRandomForestClassifier,MyCountVectorizer,{'max_features': 'log2', 'n_estimators': 500, 'max_depth': 10, 'min_samples_split': 10, 'min_samples_leaf': 1, 'bootstrap': False},{'min_df': 1, 'ngram_range': (1, 1)}
0.35374999999999995,MyRandomForestClassifier,MyCountVectorizer,{'max_features': 'log2', 'n_estimators': 500, 'max_depth': 10, 'min_samples_split': 5, 'min_samples_leaf': 5, 'bootstrap': True},{'min_df': 1, 'ngram_range': (1, 1)}
0.278125,MyRandomForestClassifier,MyCountVectorizer,{'max_features': 'log2', 'n_estimators': 500, 'max_depth': 10, 'min_samples_split': 5, 'min_samples_leaf': 10, 'bootstrap': True},{'min_df': 1, 'ngram_range': (1, 1)}
0.35374999999999995,MyRandomForestClassifier,MyCountVectorizer,{'max_features': 'log2', 'n_estimators': 500, 'max_depth': 10, 'min_samples_split': 10, 'min_samples_leaf': 2, 'bootstrap': False},{'min_df': 1, 'ngram_range': (1, 1)}
0.35374999999999995,MyRandomForestClassifier,MyCountVectorizer,{'max_features': 'log2', 'n_estimators': 500, 'max_depth': 10, 'min_samples_split': 10, 'min_samples_leaf': 5, 'bootstrap': False},{'min_df': 1, 'ngram_range': (1, 1)}
0.25,MyRandomForestClassifier,MyCountVectorizer,{'max_features': 'log2', 'n_estimators': 500, 'max_depth': 10, 'min_samples_split': 10, 'min_samples_leaf': 1, 'bootstrap': True},{'min_df': 1, 'ngram_range': (1, 1)}
0.348125,MyRandomForestClassifier,MyCountVectorizer,{'max_features': 'log2', 'n_estimators': 500, 'max_depth': 10, 'min_samples_split': 10, 'min_samples_leaf': 2, 'bootstrap': True},{'min_df': 1, 'ngram_range': (1, 1)}
0.35374999999999995,MyRandomForestClassifier,MyCountVectorizer,{'max_features': 'log2', 'n_estimators': 500, 'max_depth': 10, 'min_samples_split': 10, 'min_samples_leaf': 10, 'bootstrap': False},{'min_df': 1, 'ngram_range': (1, 1)}
0.32625000000000004,MyRandomForestClassifier,MyCountVectorizer,{'max_features': 'log2', 'n_estimators': 500, 'max_depth': 10, 'min_samples_split': 10, 'min_samples_leaf': 5, 'bootstrap': True},{'min_df': 1, 'ngram_range': (1, 1)}
0.35374999999999995,MyRandomForestClassifier,MyCountVectorizer,{'max_features': 'log2', 'n_estimators': 500, 'max_depth': 10, 'min_samples_split': 15, 'min_samples_leaf': 1, 'bootstrap': False},{'min_df': 1, 'ngram_range': (1, 1)}
0.30125,MyRandomForestClassifier,MyCountVectorizer,{'max_features': 'log2', 'n_estimators': 500, 'max_depth': 10, 'min_samples_split': 10, 'min_samples_leaf': 10, 'bootstrap': True},{'min_df': 1, 'ngram_range': (1, 1)}
0.35374999999999995,MyRandomForestClassifier,MyCountVectorizer,{'max_features': 'log2', 'n_estimators': 500, 'max_depth': 10, 'min_samples_split': 15, 'min_samples_leaf': 2, 'bootstrap': False},{'min_df': 1, 'ngram_range': (1, 1)}
0.35374999999999995,MyRandomForestClassifier,MyCountVectorizer,{'max_features': 'log2', 'n_estimators': 500, 'max_depth': 10, 'min_samples_split': 15, 'min_samples_leaf': 5, 'bootstrap': False},{'min_df': 1, 'ngram_range': (1, 1)}
0.2875,MyRandomForestClassifier,MyCountVectorizer,{'max_features': 'log2', 'n_estimators': 500, 'max_depth': 10, 'min_samples_split': 15, 'min_samples_leaf': 1, 'bootstrap': True},{'min_df': 1, 'ngram_range': (1, 1)}
0.29250000000000004,MyRandomForestClassifier,MyCountVectorizer,{'max_features': 'log2', 'n_estimators': 500, 'max_depth': 10, 'min_samples_split': 15, 'min_samples_leaf': 2, 'bootstrap': True},{'min_df': 1, 'ngram_range': (1, 1)}
0.35374999999999995,MyRandomForestClassifier,MyCountVectorizer,{'max_features': 'log2', 'n_estimators': 500, 'max_depth': 10, 'min_samples_split': 15, 'min_samples_leaf': 10, 'bootstrap': False},{'min_df': 1, 'ngram_range': (1, 1)}
0.3275,MyRandomForestClassifier,MyCountVectorizer,{'max_features': 'log2', 'n_estimators': 500, 'max_depth': 10, 'min_samples_split': 15, 'min_samples_leaf': 5, 'bootstrap': True},{'min_df': 1, 'ngram_range': (1, 1)}
0.35374999999999995,MyRandomForestClassifier,MyCountVectorizer,{'max_features': 'log2', 'n_estimators': 500, 'max_depth': None, 'min_samples_split': 5, 'min_samples_leaf': 1, 'bootstrap': False},{'min_df': 1, 'ngram_range': (1, 1)}
0.260625,MyRandomForestClassifier,MyCountVectorizer,{'max_features': 'log2', 'n_estimators': 500, 'max_depth': 10, 'min_samples_split': 15, 'min_samples_leaf': 10, 'bootstrap': True},{'min_df': 1, 'ngram_range': (1, 1)}
0.35374999999999995,MyRandomForestClassifier,MyCountVectorizer,{'max_features': 'log2', 'n_estimators': 500, 'max_depth': None, 'min_samples_split': 5, 'min_samples_leaf': 2, 'bootstrap': False},{'min_df': 1, 'ngram_range': (1, 1)}
0.31937499999999996,MyRandomForestClassifier,MyCountVectorizer,{'max_features': 'log2', 'n_estimators': 500, 'max_depth': None, 'min_samples_split': 5, 'min_samples_leaf': 1, 'bootstrap': True},{'min_df': 1, 'ngram_range': (1, 1)}
0.35374999999999995,MyRandomForestClassifier,MyCountVectorizer,{'max_features': 'log2', 'n_estimators': 500, 'max_depth': None, 'min_samples_split': 5, 'min_samples_leaf': 5, 'bootstrap': False},{'min_df': 1, 'ngram_range': (1, 1)}
0.35374999999999995,MyRandomForestClassifier,MyCountVectorizer,{'max_features': 'log2', 'n_estimators': 500, 'max_depth': None, 'min_samples_split': 5, 'min_samples_leaf': 10, 'bootstrap': False},{'min_df': 1, 'ngram_range': (1, 1)}
0.33875,MyRandomForestClassifier,MyCountVectorizer,{'max_features': 'log2', 'n_estimators': 500, 'max_depth': None, 'min_samples_split': 5, 'min_samples_leaf': 2, 'bootstrap': True},{'min_df': 1, 'ngram_range': (1, 1)}
0.35374999999999995,MyRandomForestClassifier,MyCountVectorizer,{'max_features': 'log2', 'n_estimators': 500, 'max_depth': None, 'min_samples_split': 10, 'min_samples_leaf': 1, 'bootstrap': False},{'min_df': 1, 'ngram_range': (1, 1)}
0.30125,MyRandomForestClassifier,MyCountVectorizer,{'max_features': 'log2', 'n_estimators': 500, 'max_depth': None, 'min_samples_split': 5, 'min_samples_leaf': 5, 'bootstrap': True},{'min_df': 1, 'ngram_range': (1, 1)}
0.32875,MyRandomForestClassifier,MyCountVectorizer,{'max_features': 'log2', 'n_estimators': 500, 'max_depth': None, 'min_samples_split': 5, 'min_samples_leaf': 10, 'bootstrap': True},{'min_df': 1, 'ngram_range': (1, 1)}
0.35374999999999995,MyRandomForestClassifier,MyCountVectorizer,{'max_features': 'log2', 'n_estimators': 500, 'max_depth': None, 'min_samples_split': 10, 'min_samples_leaf': 2, 'bootstrap': False},{'min_df': 1, 'ngram_range': (1, 1)}
0.2375,MyRandomForestClassifier,MyCountVectorizer,{'max_features': 'log2', 'n_estimators': 500, 'max_depth': None, 'min_samples_split': 10, 'min_samples_leaf': 1, 'bootstrap': True},{'min_df': 1, 'ngram_range': (1, 1)}
0.35374999999999995,MyRandomForestClassifier,MyCountVectorizer,{'max_features': 'log2', 'n_estimators': 500, 'max_depth': None, 'min_samples_split': 10, 'min_samples_leaf': 5, 'bootstrap': False},{'min_df': 1, 'ngram_range': (1, 1)}
0.346875,MyRandomForestClassifier,MyCountVectorizer,{'max_features': 'log2', 'n_estimators': 500, 'max_depth': None, 'min_samples_split': 10, 'min_samples_leaf': 2, 'bootstrap': True},{'min_df': 1, 'ngram_range': (1, 1)}
0.35374999999999995,MyRandomForestClassifier,MyCountVectorizer,{'max_features': 'log2', 'n_estimators': 500, 'max_depth': None, 'min_samples_split': 10, 'min_samples_leaf': 10, 'bootstrap': False},{'min_df': 1, 'ngram_range': (1, 1)}
0.35374999999999995,MyRandomForestClassifier,MyCountVectorizer,{'max_features': 'log2', 'n_estimators': 500, 'max_depth': None, 'min_samples_split': 15, 'min_samples_leaf': 1, 'bootstrap': False},{'min_df': 1, 'ngram_range': (1, 1)}
0.29125,MyRandomForestClassifier,MyCountVectorizer,{'max_features': 'log2', 'n_estimators': 500, 'max_depth': None, 'min_samples_split': 10, 'min_samples_leaf': 5, 'bootstrap': True},{'min_df': 1, 'ngram_range': (1, 1)}
0.24000000000000005,MyRandomForestClassifier,MyCountVectorizer,{'max_features': 'log2', 'n_estimators': 500, 'max_depth': None, 'min_samples_split': 10, 'min_samples_leaf': 10, 'bootstrap': True},{'min_df': 1, 'ngram_range': (1, 1)}
0.35374999999999995,MyRandomForestClassifier,MyCountVectorizer,{'max_features': 'log2', 'n_estimators': 500, 'max_depth': None, 'min_samples_split': 15, 'min_samples_leaf': 2, 'bootstrap': False},{'min_df': 1, 'ngram_range': (1, 1)}
0.291875,MyRandomForestClassifier,MyCountVectorizer,{'max_features': 'log2', 'n_estimators': 500, 'max_depth': None, 'min_samples_split': 15, 'min_samples_leaf': 1, 'bootstrap': True},{'min_df': 1, 'ngram_range': (1, 1)}
0.35374999999999995,MyRandomForestClassifier,MyCountVectorizer,{'max_features': 'log2', 'n_estimators': 500, 'max_depth': None, 'min_samples_split': 15, 'min_samples_leaf': 5, 'bootstrap': False},{'min_df': 1, 'ngram_range': (1, 1)}
0.35374999999999995,MyRandomForestClassifier,MyCountVectorizer,{'max_features': 'log2', 'n_estimators': 500, 'max_depth': None, 'min_samples_split': 15, 'min_samples_leaf': 10, 'bootstrap': False},{'min_df': 1, 'ngram_range': (1, 1)}
0.29000000000000004,MyRandomForestClassifier,MyCountVectorizer,{'max_features': 'log2', 'n_estimators': 500, 'max_depth': None, 'min_samples_split': 15, 'min_samples_leaf': 2, 'bootstrap': True},{'min_df': 1, 'ngram_range': (1, 1)}
0.28687500000000005,MyRandomForestClassifier,MyCountVectorizer,{'max_features': 'log2', 'n_estimators': 500, 'max_depth': None, 'min_samples_split': 15, 'min_samples_leaf': 5, 'bootstrap': True},{'min_df': 1, 'ngram_range': (1, 1)}
0.35374999999999995,MyRandomForestClassifier,MyCountVectorizer,{'max_features': 'log2', 'n_estimators': 1000, 'max_depth': 5, 'min_samples_split': 5, 'min_samples_leaf': 1, 'bootstrap': False},{'min_df': 1, 'ngram_range': (1, 1)}
0.3275,MyRandomForestClassifier,MyCountVectorizer,{'max_features': 'log2', 'n_estimators': 500, 'max_depth': None, 'min_samples_split': 15, 'min_samples_leaf': 10, 'bootstrap': True},{'min_df': 1, 'ngram_range': (1, 1)}
0.35374999999999995,MyRandomForestClassifier,MyCountVectorizer,{'max_features': 'log2', 'n_estimators': 1000, 'max_depth': 5, 'min_samples_split': 5, 'min_samples_leaf': 2, 'bootstrap': False},{'min_df': 1, 'ngram_range': (1, 1)}
0.35374999999999995,MyRandomForestClassifier,MyCountVectorizer,{'max_features': 'log2', 'n_estimators': 1000, 'max_depth': 5, 'min_samples_split': 5, 'min_samples_leaf': 5, 'bootstrap': False},{'min_df': 1, 'ngram_range': (1, 1)}
0.216875,MyRandomForestClassifier,MyCountVectorizer,{'max_features': 'log2', 'n_estimators': 1000, 'max_depth': 5, 'min_samples_split': 5, 'min_samples_leaf': 1, 'bootstrap': True},{'min_df': 1, 'ngram_range': (1, 1)}
0.31812500000000005,MyRandomForestClassifier,MyCountVectorizer,{'max_features': 'log2', 'n_estimators': 1000, 'max_depth': 5, 'min_samples_split': 5, 'min_samples_leaf': 2, 'bootstrap': True},{'min_df': 1, 'ngram_range': (1, 1)}
0.35374999999999995,MyRandomForestClassifier,MyCountVectorizer,{'max_features': 'log2', 'n_estimators': 1000, 'max_depth': 5, 'min_samples_split': 5, 'min_samples_leaf': 10, 'bootstrap': False},{'min_df': 1, 'ngram_range': (1, 1)}
0.25375000000000003,MyRandomForestClassifier,MyCountVectorizer,{'max_features': 'log2', 'n_estimators': 1000, 'max_depth': 5, 'min_samples_split': 5, 'min_samples_leaf': 5, 'bootstrap': True},{'min_df': 1, 'ngram_range': (1, 1)}
0.35374999999999995,MyRandomForestClassifier,MyCountVectorizer,{'max_features': 'log2', 'n_estimators': 1000, 'max_depth': 5, 'min_samples_split': 10, 'min_samples_leaf': 1, 'bootstrap': False},{'min_df': 1, 'ngram_range': (1, 1)}
0.35374999999999995,MyRandomForestClassifier,MyCountVectorizer,{'max_features': 'log2', 'n_estimators': 1000, 'max_depth': 5, 'min_samples_split': 10, 'min_samples_leaf': 2, 'bootstrap': False},{'min_df': 1, 'ngram_range': (1, 1)}
0.15375,MyRandomForestClassifier,MyCountVectorizer,{'max_features': 'log2', 'n_estimators': 1000, 'max_depth': 5, 'min_samples_split': 5, 'min_samples_leaf': 10, 'bootstrap': True},{'min_df': 1, 'ngram_range': (1, 1)}
0.278125,MyRandomForestClassifier,MyCountVectorizer,{'max_features': 'log2', 'n_estimators': 1000, 'max_depth': 5, 'min_samples_split': 10, 'min_samples_leaf': 1, 'bootstrap': True},{'min_df': 1, 'ngram_range': (1, 1)}
0.35374999999999995,MyRandomForestClassifier,MyCountVectorizer,{'max_features': 'log2', 'n_estimators': 1000, 'max_depth': 5, 'min_samples_split': 10, 'min_samples_leaf': 5, 'bootstrap': False},{'min_df': 1, 'ngram_range': (1, 1)}
0.303125,MyRandomForestClassifier,MyCountVectorizer,{'max_features': 'log2', 'n_estimators': 1000, 'max_depth': 5, 'min_samples_split': 10, 'min_samples_leaf': 2, 'bootstrap': True},{'min_df': 1, 'ngram_range': (1, 1)}
0.35374999999999995,MyRandomForestClassifier,MyCountVectorizer,{'max_features': 'log2', 'n_estimators': 1000, 'max_depth': 5, 'min_samples_split': 10, 'min_samples_leaf': 10, 'bootstrap': False},{'min_df': 1, 'ngram_range': (1, 1)}
0.35374999999999995,MyRandomForestClassifier,MyCountVectorizer,{'max_features': 'log2', 'n_estimators': 1000, 'max_depth': 5, 'min_samples_split': 15, 'min_samples_leaf': 1, 'bootstrap': False},{'min_df': 1, 'ngram_range': (1, 1)}
0.258125,MyRandomForestClassifier,MyCountVectorizer,{'max_features': 'log2', 'n_estimators': 1000, 'max_depth': 5, 'min_samples_split': 10, 'min_samples_leaf': 5, 'bootstrap': True},{'min_df': 1, 'ngram_range': (1, 1)}
0.2525,MyRandomForestClassifier,MyCountVectorizer,{'max_features': 'log2', 'n_estimators': 1000, 'max_depth': 5, 'min_samples_split': 10, 'min_samples_leaf': 10, 'bootstrap': True},{'min_df': 1, 'ngram_range': (1, 1)}
0.35374999999999995,MyRandomForestClassifier,MyCountVectorizer,{'max_features': 'log2', 'n_estimators': 1000, 'max_depth': 5, 'min_samples_split': 15, 'min_samples_leaf': 2, 'bootstrap': False},{'min_df': 1, 'ngram_range': (1, 1)}
0.31812500000000005,MyRandomForestClassifier,MyCountVectorizer,{'max_features': 'log2', 'n_estimators': 1000, 'max_depth': 5, 'min_samples_split': 15, 'min_samples_leaf': 1, 'bootstrap': True},{'min_df': 1, 'ngram_range': (1, 1)}
0.35374999999999995,MyRandomForestClassifier,MyCountVectorizer,{'max_features': 'log2', 'n_estimators': 1000, 'max_depth': 5, 'min_samples_split': 15, 'min_samples_leaf': 5, 'bootstrap': False},{'min_df': 1, 'ngram_range': (1, 1)}
0.35374999999999995,MyRandomForestClassifier,MyCountVectorizer,{'max_features': 'log2', 'n_estimators': 1000, 'max_depth': 5, 'min_samples_split': 15, 'min_samples_leaf': 10, 'bootstrap': False},{'min_df': 1, 'ngram_range': (1, 1)}
0.348125,MyRandomForestClassifier,MyCountVectorizer,{'max_features': 'log2', 'n_estimators': 1000, 'max_depth': 5, 'min_samples_split': 15, 'min_samples_leaf': 2, 'bootstrap': True},{'min_df': 1, 'ngram_range': (1, 1)}
0.35374999999999995,MyRandomForestClassifier,MyCountVectorizer,{'max_features': 'log2', 'n_estimators': 1000, 'max_depth': 10, 'min_samples_split': 5, 'min_samples_leaf': 1, 'bootstrap': False},{'min_df': 1, 'ngram_range': (1, 1)}
0.27937500000000004,MyRandomForestClassifier,MyCountVectorizer,{'max_features': 'log2', 'n_estimators': 1000, 'max_depth': 5, 'min_samples_split': 15, 'min_samples_leaf': 5, 'bootstrap': True},{'min_df': 1, 'ngram_range': (1, 1)}
0.23874999999999996,MyRandomForestClassifier,MyCountVectorizer,{'max_features': 'log2', 'n_estimators': 1000, 'max_depth': 5, 'min_samples_split': 15, 'min_samples_leaf': 10, 'bootstrap': True},{'min_df': 1, 'ngram_range': (1, 1)}
0.35374999999999995,MyRandomForestClassifier,MyCountVectorizer,{'max_features': 'log2', 'n_estimators': 1000, 'max_depth': 10, 'min_samples_split': 5, 'min_samples_leaf': 2, 'bootstrap': False},{'min_df': 1, 'ngram_range': (1, 1)}
0.35374999999999995,MyRandomForestClassifier,MyCountVectorizer,{'max_features': 'log2', 'n_estimators': 1000, 'max_depth': 10, 'min_samples_split': 5, 'min_samples_leaf': 5, 'bootstrap': False},{'min_df': 1, 'ngram_range': (1, 1)}
0.17124999999999999,MyRandomForestClassifier,MyCountVectorizer,{'max_features': 'log2', 'n_estimators': 1000, 'max_depth': 10, 'min_samples_split': 5, 'min_samples_leaf': 1, 'bootstrap': True},{'min_df': 1, 'ngram_range': (1, 1)}
0.35374999999999995,MyRandomForestClassifier,MyCountVectorizer,{'max_features': 'log2', 'n_estimators': 1000, 'max_depth': 10, 'min_samples_split': 5, 'min_samples_leaf': 10, 'bootstrap': False},{'min_df': 1, 'ngram_range': (1, 1)}
0.231875,MyRandomForestClassifier,MyCountVectorizer,{'max_features': 'log2', 'n_estimators': 1000, 'max_depth': 10, 'min_samples_split': 5, 'min_samples_leaf': 2, 'bootstrap': True},{'min_df': 1, 'ngram_range': (1, 1)}
0.346875,MyRandomForestClassifier,MyCountVectorizer,{'max_features': 'log2', 'n_estimators': 1000, 'max_depth': 10, 'min_samples_split': 5, 'min_samples_leaf': 5, 'bootstrap': True},{'min_df': 1, 'ngram_range': (1, 1)}
0.35374999999999995,MyRandomForestClassifier,MyCountVectorizer,{'max_features': 'log2', 'n_estimators': 1000, 'max_depth': 10, 'min_samples_split': 10, 'min_samples_leaf': 1, 'bootstrap': False},{'min_df': 1, 'ngram_range': (1, 1)}
0.35374999999999995,MyRandomForestClassifier,MyCountVectorizer,{'max_features': 'log2', 'n_estimators': 1000, 'max_depth': 10, 'min_samples_split': 10, 'min_samples_leaf': 2, 'bootstrap': False},{'min_df': 1, 'ngram_range': (1, 1)}
0.24875000000000003,MyRandomForestClassifier,MyCountVectorizer,{'max_features': 'log2', 'n_estimators': 1000, 'max_depth': 10, 'min_samples_split': 5, 'min_samples_leaf': 10, 'bootstrap': True},{'min_df': 1, 'ngram_range': (1, 1)}
0.35374999999999995,MyRandomForestClassifier,MyCountVectorizer,{'max_features': 'log2', 'n_estimators': 1000, 'max_depth': 10, 'min_samples_split': 10, 'min_samples_leaf': 5, 'bootstrap': False},{'min_df': 1, 'ngram_range': (1, 1)}
0.25812500000000005,MyRandomForestClassifier,MyCountVectorizer,{'max_features': 'log2', 'n_estimators': 1000, 'max_depth': 10, 'min_samples_split': 10, 'min_samples_leaf': 1, 'bootstrap': True},{'min_df': 1, 'ngram_range': (1, 1)}
0.31937499999999996,MyRandomForestClassifier,MyCountVectorizer,{'max_features': 'log2', 'n_estimators': 1000, 'max_depth': 10, 'min_samples_split': 10, 'min_samples_leaf': 2, 'bootstrap': True},{'min_df': 1, 'ngram_range': (1, 1)}
0.35374999999999995,MyRandomForestClassifier,MyCountVectorizer,{'max_features': 'log2', 'n_estimators': 1000, 'max_depth': 10, 'min_samples_split': 10, 'min_samples_leaf': 10, 'bootstrap': False},{'min_df': 1, 'ngram_range': (1, 1)}
0.35374999999999995,MyRandomForestClassifier,MyCountVectorizer,{'max_features': 'log2', 'n_estimators': 1000, 'max_depth': 10, 'min_samples_split': 15, 'min_samples_leaf': 1, 'bootstrap': False},{'min_df': 1, 'ngram_range': (1, 1)}
0.263125,MyRandomForestClassifier,MyCountVectorizer,{'max_features': 'log2', 'n_estimators': 1000, 'max_depth': 10, 'min_samples_split': 10, 'min_samples_leaf': 5, 'bootstrap': True},{'min_df': 1, 'ngram_range': (1, 1)}
0.35374999999999995,MyRandomForestClassifier,MyCountVectorizer,{'max_features': 'log2', 'n_estimators': 1000, 'max_depth': 10, 'min_samples_split': 15, 'min_samples_leaf': 2, 'bootstrap': False},{'min_df': 1, 'ngram_range': (1, 1)}
0.26125,MyRandomForestClassifier,MyCountVectorizer,{'max_features': 'log2', 'n_estimators': 1000, 'max_depth': 10, 'min_samples_split': 10, 'min_samples_leaf': 10, 'bootstrap': True},{'min_df': 1, 'ngram_range': (1, 1)}
0.348125,MyRandomForestClassifier,MyCountVectorizer,{'max_features': 'log2', 'n_estimators': 1000, 'max_depth': 10, 'min_samples_split': 15, 'min_samples_leaf': 1, 'bootstrap': True},{'min_df': 1, 'ngram_range': (1, 1)}
0.35374999999999995,MyRandomForestClassifier,MyCountVectorizer,{'max_features': 'log2', 'n_estimators': 1000, 'max_depth': 10, 'min_samples_split': 15, 'min_samples_leaf': 5, 'bootstrap': False},{'min_df': 1, 'ngram_range': (1, 1)}
0.35374999999999995,MyRandomForestClassifier,MyCountVectorizer,{'max_features': 'log2', 'n_estimators': 1000, 'max_depth': 10, 'min_samples_split': 15, 'min_samples_leaf': 10, 'bootstrap': False},{'min_df': 1, 'ngram_range': (1, 1)}
0.19125,MyRandomForestClassifier,MyCountVectorizer,{'max_features': 'log2', 'n_estimators': 1000, 'max_depth': 10, 'min_samples_split': 15, 'min_samples_leaf': 2, 'bootstrap': True},{'min_df': 1, 'ngram_range': (1, 1)}
0.35374999999999995,MyRandomForestClassifier,MyCountVectorizer,{'max_features': 'log2', 'n_estimators': 1000, 'max_depth': None, 'min_samples_split': 5, 'min_samples_leaf': 1, 'bootstrap': False},{'min_df': 1, 'ngram_range': (1, 1)}
0.26812500000000006,MyRandomForestClassifier,MyCountVectorizer,{'max_features': 'log2', 'n_estimators': 1000, 'max_depth': 10, 'min_samples_split': 15, 'min_samples_leaf': 5, 'bootstrap': True},{'min_df': 1, 'ngram_range': (1, 1)}
0.35374999999999995,MyRandomForestClassifier,MyCountVectorizer,{'max_features': 'log2', 'n_estimators': 1000, 'max_depth': None, 'min_samples_split': 5, 'min_samples_leaf': 2, 'bootstrap': False},{'min_df': 1, 'ngram_range': (1, 1)}
0.320625,MyRandomForestClassifier,MyCountVectorizer,{'max_features': 'log2', 'n_estimators': 1000, 'max_depth': 10, 'min_samples_split': 15, 'min_samples_leaf': 10, 'bootstrap': True},{'min_df': 1, 'ngram_range': (1, 1)}
0.25562500000000005,MyRandomForestClassifier,MyCountVectorizer,{'max_features': 'log2', 'n_estimators': 1000, 'max_depth': None, 'min_samples_split': 5, 'min_samples_leaf': 1, 'bootstrap': True},{'min_df': 1, 'ngram_range': (1, 1)}
0.35374999999999995,MyRandomForestClassifier,MyCountVectorizer,{'max_features': 'log2', 'n_estimators': 1000, 'max_depth': None, 'min_samples_split': 5, 'min_samples_leaf': 5, 'bootstrap': False},{'min_df': 1, 'ngram_range': (1, 1)}
0.35374999999999995,MyRandomForestClassifier,MyCountVectorizer,{'max_features': 'log2', 'n_estimators': 1000, 'max_depth': None, 'min_samples_split': 5, 'min_samples_leaf': 10, 'bootstrap': False},{'min_df': 1, 'ngram_range': (1, 1)}
0.234375,MyRandomForestClassifier,MyCountVectorizer,{'max_features': 'log2', 'n_estimators': 1000, 'max_depth': None, 'min_samples_split': 5, 'min_samples_leaf': 2, 'bootstrap': True},{'min_df': 1, 'ngram_range': (1, 1)}
0.35374999999999995,MyRandomForestClassifier,MyCountVectorizer,{'max_features': 'log2', 'n_estimators': 1000, 'max_depth': None, 'min_samples_split': 10, 'min_samples_leaf': 1, 'bootstrap': False},{'min_df': 1, 'ngram_range': (1, 1)}
0.27,MyRandomForestClassifier,MyCountVectorizer,{'max_features': 'log2', 'n_estimators': 1000, 'max_depth': None, 'min_samples_split': 5, 'min_samples_leaf': 5, 'bootstrap': True},{'min_df': 1, 'ngram_range': (1, 1)}
0.22250000000000006,MyRandomForestClassifier,MyCountVectorizer,{'max_features': 'log2', 'n_estimators': 1000, 'max_depth': None, 'min_samples_split': 5, 'min_samples_leaf': 10, 'bootstrap': True},{'min_df': 1, 'ngram_range': (1, 1)}
0.35374999999999995,MyRandomForestClassifier,MyCountVectorizer,{'max_features': 'log2', 'n_estimators': 1000, 'max_depth': None, 'min_samples_split': 10, 'min_samples_leaf': 2, 'bootstrap': False},{'min_df': 1, 'ngram_range': (1, 1)}
0.24375,MyRandomForestClassifier,MyCountVectorizer,{'max_features': 'log2', 'n_estimators': 1000, 'max_depth': None, 'min_samples_split': 10, 'min_samples_leaf': 1, 'bootstrap': True},{'min_df': 1, 'ngram_range': (1, 1)}
0.35374999999999995,MyRandomForestClassifier,MyCountVectorizer,{'max_features': 'log2', 'n_estimators': 1000, 'max_depth': None, 'min_samples_split': 10, 'min_samples_leaf': 5, 'bootstrap': False},{'min_df': 1, 'ngram_range': (1, 1)}
0.35374999999999995,MyRandomForestClassifier,MyCountVectorizer,{'max_features': 'log2', 'n_estimators': 1000, 'max_depth': None, 'min_samples_split': 10, 'min_samples_leaf': 10, 'bootstrap': False},{'min_df': 1, 'ngram_range': (1, 1)}
0.293125,MyRandomForestClassifier,MyCountVectorizer,{'max_features': 'log2', 'n_estimators': 1000, 'max_depth': None, 'min_samples_split': 10, 'min_samples_leaf': 2, 'bootstrap': True},{'min_df': 1, 'ngram_range': (1, 1)}
0.35374999999999995,MyRandomForestClassifier,MyCountVectorizer,{'max_features': 'log2', 'n_estimators': 1000, 'max_depth': None, 'min_samples_split': 15, 'min_samples_leaf': 1, 'bootstrap': False},{'min_df': 1, 'ngram_range': (1, 1)}
0.3275,MyRandomForestClassifier,MyCountVectorizer,{'max_features': 'log2', 'n_estimators': 1000, 'max_depth': None, 'min_samples_split': 10, 'min_samples_leaf': 5, 'bootstrap': True},{'min_df': 1, 'ngram_range': (1, 1)}
0.35374999999999995,MyRandomForestClassifier,MyCountVectorizer,{'max_features': 'log2', 'n_estimators': 1000, 'max_depth': None, 'min_samples_split': 15, 'min_samples_leaf': 2, 'bootstrap': False},{'min_df': 1, 'ngram_range': (1, 1)}
0.264375,MyRandomForestClassifier,MyCountVectorizer,{'max_features': 'log2', 'n_estimators': 1000, 'max_depth': None, 'min_samples_split': 10, 'min_samples_leaf': 10, 'bootstrap': True},{'min_df': 1, 'ngram_range': (1, 1)}
0.35374999999999995,MyRandomForestClassifier,MyCountVectorizer,{'max_features': 'log2', 'n_estimators': 1000, 'max_depth': None, 'min_samples_split': 15, 'min_samples_leaf': 5, 'bootstrap': False},{'min_df': 1, 'ngram_range': (1, 1)}
0.26875,MyRandomForestClassifier,MyCountVectorizer,{'max_features': 'log2', 'n_estimators': 1000, 'max_depth': None, 'min_samples_split': 15, 'min_samples_leaf': 1, 'bootstrap': True},{'min_df': 1, 'ngram_range': (1, 1)}
0.33875,MyRandomForestClassifier,MyCountVectorizer,{'max_features': 'log2', 'n_estimators': 1000, 'max_depth': None, 'min_samples_split': 15, 'min_samples_leaf': 2, 'bootstrap': True},{'min_df': 1, 'ngram_range': (1, 1)}
0.35374999999999995,MyRandomForestClassifier,MyCountVectorizer,{'max_features': 'log2', 'n_estimators': 1000, 'max_depth': None, 'min_samples_split': 15, 'min_samples_leaf': 10, 'bootstrap': False},{'min_df': 1, 'ngram_range': (1, 1)}
0.293125,MyRandomForestClassifier,MyCountVectorizer,{'max_features': 'log2', 'n_estimators': 1000, 'max_depth': None, 'min_samples_split': 15, 'min_samples_leaf': 5, 'bootstrap': True},{'min_df': 1, 'ngram_range': (1, 1)}
0.35374999999999995,MyRandomForestClassifier,MyCountVectorizer,{'max_features': 'log2', 'n_estimators': 1500, 'max_depth': 5, 'min_samples_split': 5, 'min_samples_leaf': 1, 'bootstrap': False},{'min_df': 1, 'ngram_range': (1, 1)}
0.27687500000000004,MyRandomForestClassifier,MyCountVectorizer,{'max_features': 'log2', 'n_estimators': 1000, 'max_depth': None, 'min_samples_split': 15, 'min_samples_leaf': 10, 'bootstrap': True},{'min_df': 1, 'ngram_range': (1, 1)}
0.35374999999999995,MyRandomForestClassifier,MyCountVectorizer,{'max_features': 'log2', 'n_estimators': 1500, 'max_depth': 5, 'min_samples_split': 5, 'min_samples_leaf': 2, 'bootstrap': False},{'min_df': 1, 'ngram_range': (1, 1)}
0.35374999999999995,MyRandomForestClassifier,MyCountVectorizer,{'max_features': 'log2', 'n_estimators': 1500, 'max_depth': 5, 'min_samples_split': 5, 'min_samples_leaf': 5, 'bootstrap': False},{'min_df': 1, 'ngram_range': (1, 1)}
0.30125,MyRandomForestClassifier,MyCountVectorizer,{'max_features': 'log2', 'n_estimators': 1500, 'max_depth': 5, 'min_samples_split': 5, 'min_samples_leaf': 1, 'bootstrap': True},{'min_df': 1, 'ngram_range': (1, 1)}
0.21812499999999999,MyRandomForestClassifier,MyCountVectorizer,{'max_features': 'log2', 'n_estimators': 1500, 'max_depth': 5, 'min_samples_split': 5, 'min_samples_leaf': 2, 'bootstrap': True},{'min_df': 1, 'ngram_range': (1, 1)}
0.35374999999999995,MyRandomForestClassifier,MyCountVectorizer,{'max_features': 'log2', 'n_estimators': 1500, 'max_depth': 5, 'min_samples_split': 5, 'min_samples_leaf': 10, 'bootstrap': False},{'min_df': 1, 'ngram_range': (1, 1)}
0.2975,MyRandomForestClassifier,MyCountVectorizer,{'max_features': 'log2', 'n_estimators': 1500, 'max_depth': 5, 'min_samples_split': 5, 'min_samples_leaf': 5, 'bootstrap': True},{'min_df': 1, 'ngram_range': (1, 1)}
0.35374999999999995,MyRandomForestClassifier,MyCountVectorizer,{'max_features': 'log2', 'n_estimators': 1500, 'max_depth': 5, 'min_samples_split': 10, 'min_samples_leaf': 1, 'bootstrap': False},{'min_df': 1, 'ngram_range': (1, 1)}
0.32875,MyRandomForestClassifier,MyCountVectorizer,{'max_features': 'log2', 'n_estimators': 1500, 'max_depth': 5, 'min_samples_split': 5, 'min_samples_leaf': 10, 'bootstrap': True},{'min_df': 1, 'ngram_range': (1, 1)}
0.35374999999999995,MyRandomForestClassifier,MyCountVectorizer,{'max_features': 'log2', 'n_estimators': 1500, 'max_depth': 5, 'min_samples_split': 10, 'min_samples_leaf': 2, 'bootstrap': False},{'min_df': 1, 'ngram_range': (1, 1)}
0.35374999999999995,MyRandomForestClassifier,MyCountVectorizer,{'max_features': 'log2', 'n_estimators': 1500, 'max_depth': 5, 'min_samples_split': 10, 'min_samples_leaf': 5, 'bootstrap': False},{'min_df': 1, 'ngram_range': (1, 1)}
0.25125000000000003,MyRandomForestClassifier,MyCountVectorizer,{'max_features': 'log2', 'n_estimators': 1500, 'max_depth': 5, 'min_samples_split': 10, 'min_samples_leaf': 1, 'bootstrap': True},{'min_df': 1, 'ngram_range': (1, 1)}
0.244375,MyRandomForestClassifier,MyCountVectorizer,{'max_features': 'log2', 'n_estimators': 1500, 'max_depth': 5, 'min_samples_split': 10, 'min_samples_leaf': 2, 'bootstrap': True},{'min_df': 1, 'ngram_range': (1, 1)}
0.35374999999999995,MyRandomForestClassifier,MyCountVectorizer,{'max_features': 'log2', 'n_estimators': 1500, 'max_depth': 5, 'min_samples_split': 10, 'min_samples_leaf': 10, 'bootstrap': False},{'min_df': 1, 'ngram_range': (1, 1)}
0.35374999999999995,MyRandomForestClassifier,MyCountVectorizer,{'max_features': 'log2', 'n_estimators': 1500, 'max_depth': 5, 'min_samples_split': 15, 'min_samples_leaf': 1, 'bootstrap': False},{'min_df': 1, 'ngram_range': (1, 1)}
0.313125,MyRandomForestClassifier,MyCountVectorizer,{'max_features': 'log2', 'n_estimators': 1500, 'max_depth': 5, 'min_samples_split': 10, 'min_samples_leaf': 5, 'bootstrap': True},{'min_df': 1, 'ngram_range': (1, 1)}
0.14375,MyRandomForestClassifier,MyCountVectorizer,{'max_features': 'log2', 'n_estimators': 1500, 'max_depth': 5, 'min_samples_split': 10, 'min_samples_leaf': 10, 'bootstrap': True},{'min_df': 1, 'ngram_range': (1, 1)}
0.35374999999999995,MyRandomForestClassifier,MyCountVectorizer,{'max_features': 'log2', 'n_estimators': 1500, 'max_depth': 5, 'min_samples_split': 15, 'min_samples_leaf': 2, 'bootstrap': False},{'min_df': 1, 'ngram_range': (1, 1)}
0.35374999999999995,MyRandomForestClassifier,MyCountVectorizer,{'max_features': 'log2', 'n_estimators': 1500, 'max_depth': 5, 'min_samples_split': 15, 'min_samples_leaf': 5, 'bootstrap': False},{'min_df': 1, 'ngram_range': (1, 1)}
0.21812500000000004,MyRandomForestClassifier,MyCountVectorizer,{'max_features': 'log2', 'n_estimators': 1500, 'max_depth': 5, 'min_samples_split': 15, 'min_samples_leaf': 1, 'bootstrap': True},{'min_df': 1, 'ngram_range': (1, 1)}
0.35374999999999995,MyRandomForestClassifier,MyCountVectorizer,{'max_features': 'log2', 'n_estimators': 1500, 'max_depth': 5, 'min_samples_split': 15, 'min_samples_leaf': 10, 'bootstrap': False},{'min_df': 1, 'ngram_range': (1, 1)}
0.293125,MyRandomForestClassifier,MyCountVectorizer,{'max_features': 'log2', 'n_estimators': 1500, 'max_depth': 5, 'min_samples_split': 15, 'min_samples_leaf': 2, 'bootstrap': True},{'min_df': 1, 'ngram_range': (1, 1)}
0.35374999999999995,MyRandomForestClassifier,MyCountVectorizer,{'max_features': 'log2', 'n_estimators': 1500, 'max_depth': 10, 'min_samples_split': 5, 'min_samples_leaf': 1, 'bootstrap': False},{'min_df': 1, 'ngram_range': (1, 1)}
0.23312499999999997,MyRandomForestClassifier,MyCountVectorizer,{'max_features': 'log2', 'n_estimators': 1500, 'max_depth': 5, 'min_samples_split': 15, 'min_samples_leaf': 5, 'bootstrap': True},{'min_df': 1, 'ngram_range': (1, 1)}
0.35374999999999995,MyRandomForestClassifier,MyCountVectorizer,{'max_features': 'log2', 'n_estimators': 1500, 'max_depth': 10, 'min_samples_split': 5, 'min_samples_leaf': 2, 'bootstrap': False},{'min_df': 1, 'ngram_range': (1, 1)}
0.16999999999999998,MyRandomForestClassifier,MyCountVectorizer,{'max_features': 'log2', 'n_estimators': 1500, 'max_depth': 5, 'min_samples_split': 15, 'min_samples_leaf': 10, 'bootstrap': True},{'min_df': 1, 'ngram_range': (1, 1)}
0.35374999999999995,MyRandomForestClassifier,MyCountVectorizer,{'max_features': 'log2', 'n_estimators': 1500, 'max_depth': 10, 'min_samples_split': 5, 'min_samples_leaf': 5, 'bootstrap': False},{'min_df': 1, 'ngram_range': (1, 1)}
0.260625,MyRandomForestClassifier,MyCountVectorizer,{'max_features': 'log2', 'n_estimators': 1500, 'max_depth': 10, 'min_samples_split': 5, 'min_samples_leaf': 1, 'bootstrap': True},{'min_df': 1, 'ngram_range': (1, 1)}
0.35374999999999995,MyRandomForestClassifier,MyCountVectorizer,{'max_features': 'log2', 'n_estimators': 1500, 'max_depth': 10, 'min_samples_split': 5, 'min_samples_leaf': 10, 'bootstrap': False},{'min_df': 1, 'ngram_range': (1, 1)}
0.16875,MyRandomForestClassifier,MyCountVectorizer,{'max_features': 'log2', 'n_estimators': 1500, 'max_depth': 10, 'min_samples_split': 5, 'min_samples_leaf': 2, 'bootstrap': True},{'min_df': 1, 'ngram_range': (1, 1)}
0.35374999999999995,MyRandomForestClassifier,MyCountVectorizer,{'max_features': 'log2', 'n_estimators': 1500, 'max_depth': 10, 'min_samples_split': 10, 'min_samples_leaf': 1, 'bootstrap': False},{'min_df': 1, 'ngram_range': (1, 1)}
0.301875,MyRandomForestClassifier,MyCountVectorizer,{'max_features': 'log2', 'n_estimators': 1500, 'max_depth': 10, 'min_samples_split': 5, 'min_samples_leaf': 5, 'bootstrap': True},{'min_df': 1, 'ngram_range': (1, 1)}
0.35374999999999995,MyRandomForestClassifier,MyCountVectorizer,{'max_features': 'log2', 'n_estimators': 1500, 'max_depth': 10, 'min_samples_split': 10, 'min_samples_leaf': 2, 'bootstrap': False},{'min_df': 1, 'ngram_range': (1, 1)}
0.2625,MyRandomForestClassifier,MyCountVectorizer,{'max_features': 'log2', 'n_estimators': 1500, 'max_depth': 10, 'min_samples_split': 5, 'min_samples_leaf': 10, 'bootstrap': True},{'min_df': 1, 'ngram_range': (1, 1)}
0.35374999999999995,MyRandomForestClassifier,MyCountVectorizer,{'max_features': 'log2', 'n_estimators': 1500, 'max_depth': 10, 'min_samples_split': 10, 'min_samples_leaf': 5, 'bootstrap': False},{'min_df': 1, 'ngram_range': (1, 1)}
0.26625,MyRandomForestClassifier,MyCountVectorizer,{'max_features': 'log2', 'n_estimators': 1500, 'max_depth': 10, 'min_samples_split': 10, 'min_samples_leaf': 1, 'bootstrap': True},{'min_df': 1, 'ngram_range': (1, 1)}
0.35374999999999995,MyRandomForestClassifier,MyCountVectorizer,{'max_features': 'log2', 'n_estimators': 1500, 'max_depth': 10, 'min_samples_split': 10, 'min_samples_leaf': 10, 'bootstrap': False},{'min_df': 1, 'ngram_range': (1, 1)}
0.23937500000000003,MyRandomForestClassifier,MyCountVectorizer,{'max_features': 'log2', 'n_estimators': 1500, 'max_depth': 10, 'min_samples_split': 10, 'min_samples_leaf': 2, 'bootstrap': True},{'min_df': 1, 'ngram_range': (1, 1)}
0.35374999999999995,MyRandomForestClassifier,MyCountVectorizer,{'max_features': 'log2', 'n_estimators': 1500, 'max_depth': 10, 'min_samples_split': 15, 'min_samples_leaf': 1, 'bootstrap': False},{'min_df': 1, 'ngram_range': (1, 1)}
0.28750000000000003,MyRandomForestClassifier,MyCountVectorizer,{'max_features': 'log2', 'n_estimators': 1500, 'max_depth': 10, 'min_samples_split': 10, 'min_samples_leaf': 5, 'bootstrap': True},{'min_df': 1, 'ngram_range': (1, 1)}
0.35374999999999995,MyRandomForestClassifier,MyCountVectorizer,{'max_features': 'log2', 'n_estimators': 1500, 'max_depth': 10, 'min_samples_split': 15, 'min_samples_leaf': 2, 'bootstrap': False},{'min_df': 1, 'ngram_range': (1, 1)}
0.276875,MyRandomForestClassifier,MyCountVectorizer,{'max_features': 'log2', 'n_estimators': 1500, 'max_depth': 10, 'min_samples_split': 10, 'min_samples_leaf': 10, 'bootstrap': True},{'min_df': 1, 'ngram_range': (1, 1)}
0.35374999999999995,MyRandomForestClassifier,MyCountVectorizer,{'max_features': 'log2', 'n_estimators': 1500, 'max_depth': 10, 'min_samples_split': 15, 'min_samples_leaf': 5, 'bootstrap': False},{'min_df': 1, 'ngram_range': (1, 1)}
0.23562500000000003,MyRandomForestClassifier,MyCountVectorizer,{'max_features': 'log2', 'n_estimators': 1500, 'max_depth': 10, 'min_samples_split': 15, 'min_samples_leaf': 1, 'bootstrap': True},{'min_df': 1, 'ngram_range': (1, 1)}
0.35374999999999995,MyRandomForestClassifier,MyCountVectorizer,{'max_features': 'log2', 'n_estimators': 1500, 'max_depth': 10, 'min_samples_split': 15, 'min_samples_leaf': 10, 'bootstrap': False},{'min_df': 1, 'ngram_range': (1, 1)}
0.20437500000000003,MyRandomForestClassifier,MyCountVectorizer,{'max_features': 'log2', 'n_estimators': 1500, 'max_depth': 10, 'min_samples_split': 15, 'min_samples_leaf': 2, 'bootstrap': True},{'min_df': 1, 'ngram_range': (1, 1)}
0.35374999999999995,MyRandomForestClassifier,MyCountVectorizer,{'max_features': 'log2', 'n_estimators': 1500, 'max_depth': None, 'min_samples_split': 5, 'min_samples_leaf': 1, 'bootstrap': False},{'min_df': 1, 'ngram_range': (1, 1)}
0.24000000000000005,MyRandomForestClassifier,MyCountVectorizer,{'max_features': 'log2', 'n_estimators': 1500, 'max_depth': 10, 'min_samples_split': 15, 'min_samples_leaf': 5, 'bootstrap': True},{'min_df': 1, 'ngram_range': (1, 1)}
0.35374999999999995,MyRandomForestClassifier,MyCountVectorizer,{'max_features': 'log2', 'n_estimators': 1500, 'max_depth': None, 'min_samples_split': 5, 'min_samples_leaf': 2, 'bootstrap': False},{'min_df': 1, 'ngram_range': (1, 1)}
0.17625,MyRandomForestClassifier,MyCountVectorizer,{'max_features': 'log2', 'n_estimators': 1500, 'max_depth': 10, 'min_samples_split': 15, 'min_samples_leaf': 10, 'bootstrap': True},{'min_df': 1, 'ngram_range': (1, 1)}
0.1925,MyRandomForestClassifier,MyCountVectorizer,{'max_features': 'log2', 'n_estimators': 1500, 'max_depth': None, 'min_samples_split': 5, 'min_samples_leaf': 1, 'bootstrap': True},{'min_df': 1, 'ngram_range': (1, 1)}
0.35374999999999995,MyRandomForestClassifier,MyCountVectorizer,{'max_features': 'log2', 'n_estimators': 1500, 'max_depth': None, 'min_samples_split': 5, 'min_samples_leaf': 5, 'bootstrap': False},{'min_df': 1, 'ngram_range': (1, 1)}
0.35374999999999995,MyRandomForestClassifier,MyCountVectorizer,{'max_features': 'log2', 'n_estimators': 1500, 'max_depth': None, 'min_samples_split': 5, 'min_samples_leaf': 10, 'bootstrap': False},{'min_df': 1, 'ngram_range': (1, 1)}
0.2568750000000001,MyRandomForestClassifier,MyCountVectorizer,{'max_features': 'log2', 'n_estimators': 1500, 'max_depth': None, 'min_samples_split': 5, 'min_samples_leaf': 2, 'bootstrap': True},{'min_df': 1, 'ngram_range': (1, 1)}
0.35374999999999995,MyRandomForestClassifier,MyCountVectorizer,{'max_features': 'log2', 'n_estimators': 1500, 'max_depth': None, 'min_samples_split': 10, 'min_samples_leaf': 1, 'bootstrap': False},{'min_df': 1, 'ngram_range': (1, 1)}
0.16625,MyRandomForestClassifier,MyCountVectorizer,{'max_features': 'log2', 'n_estimators': 1500, 'max_depth': None, 'min_samples_split': 5, 'min_samples_leaf': 5, 'bootstrap': True},{'min_df': 1, 'ngram_range': (1, 1)}
0.35374999999999995,MyRandomForestClassifier,MyCountVectorizer,{'max_features': 'log2', 'n_estimators': 1500, 'max_depth': None, 'min_samples_split': 10, 'min_samples_leaf': 2, 'bootstrap': False},{'min_df': 1, 'ngram_range': (1, 1)}
0.17187499999999997,MyRandomForestClassifier,MyCountVectorizer,{'max_features': 'log2', 'n_estimators': 1500, 'max_depth': None, 'min_samples_split': 5, 'min_samples_leaf': 10, 'bootstrap': True},{'min_df': 1, 'ngram_range': (1, 1)}
0.20062499999999997,MyRandomForestClassifier,MyCountVectorizer,{'max_features': 'log2', 'n_estimators': 1500, 'max_depth': None, 'min_samples_split': 10, 'min_samples_leaf': 1, 'bootstrap': True},{'min_df': 1, 'ngram_range': (1, 1)}
0.35374999999999995,MyRandomForestClassifier,MyCountVectorizer,{'max_features': 'log2', 'n_estimators': 1500, 'max_depth': None, 'min_samples_split': 10, 'min_samples_leaf': 5, 'bootstrap': False},{'min_df': 1, 'ngram_range': (1, 1)}
0.35374999999999995,MyRandomForestClassifier,MyCountVectorizer,{'max_features': 'log2', 'n_estimators': 1500, 'max_depth': None, 'min_samples_split': 10, 'min_samples_leaf': 10, 'bootstrap': False},{'min_df': 1, 'ngram_range': (1, 1)}
0.29437499999999994,MyRandomForestClassifier,MyCountVectorizer,{'max_features': 'log2', 'n_estimators': 1500, 'max_depth': None, 'min_samples_split': 10, 'min_samples_leaf': 2, 'bootstrap': True},{'min_df': 1, 'ngram_range': (1, 1)}
0.35374999999999995,MyRandomForestClassifier,MyCountVectorizer,{'max_features': 'log2', 'n_estimators': 1500, 'max_depth': None, 'min_samples_split': 15, 'min_samples_leaf': 1, 'bootstrap': False},{'min_df': 1, 'ngram_range': (1, 1)}
0.15437499999999998,MyRandomForestClassifier,MyCountVectorizer,{'max_features': 'log2', 'n_estimators': 1500, 'max_depth': None, 'min_samples_split': 10, 'min_samples_leaf': 5, 'bootstrap': True},{'min_df': 1, 'ngram_range': (1, 1)}
0.35374999999999995,MyRandomForestClassifier,MyCountVectorizer,{'max_features': 'log2', 'n_estimators': 1500, 'max_depth': None, 'min_samples_split': 15, 'min_samples_leaf': 2, 'bootstrap': False},{'min_df': 1, 'ngram_range': (1, 1)}
0.179375,MyRandomForestClassifier,MyCountVectorizer,{'max_features': 'log2', 'n_estimators': 1500, 'max_depth': None, 'min_samples_split': 10, 'min_samples_leaf': 10, 'bootstrap': True},{'min_df': 1, 'ngram_range': (1, 1)}
0.32625000000000004,MyRandomForestClassifier,MyCountVectorizer,{'max_features': 'log2', 'n_estimators': 1500, 'max_depth': None, 'min_samples_split': 15, 'min_samples_leaf': 1, 'bootstrap': True},{'min_df': 1, 'ngram_range': (1, 1)}
0.35374999999999995,MyRandomForestClassifier,MyCountVectorizer,{'max_features': 'log2', 'n_estimators': 1500, 'max_depth': None, 'min_samples_split': 15, 'min_samples_leaf': 5, 'bootstrap': False},{'min_df': 1, 'ngram_range': (1, 1)}
0.35374999999999995,MyRandomForestClassifier,MyCountVectorizer,{'max_features': 'log2', 'n_estimators': 1500, 'max_depth': None, 'min_samples_split': 15, 'min_samples_leaf': 10, 'bootstrap': False},{'min_df': 1, 'ngram_range': (1, 1)}
0.3275,MyRandomForestClassifier,MyCountVectorizer,{'max_features': 'log2', 'n_estimators': 1500, 'max_depth': None, 'min_samples_split': 15, 'min_samples_leaf': 2, 'bootstrap': True},{'min_df': 1, 'ngram_range': (1, 1)}
0.285,MyRandomForestClassifier,MyCountVectorizer,{'max_features': 'log2', 'n_estimators': 1500, 'max_depth': None, 'min_samples_split': 15, 'min_samples_leaf': 5, 'bootstrap': True},{'min_df': 1, 'ngram_range': (1, 1)}
0.304375,MyRandomForestClassifier,MyCountVectorizer,{'max_features': 'log2', 'n_estimators': 1500, 'max_depth': None, 'min_samples_split': 15, 'min_samples_leaf': 10, 'bootstrap': True},{'min_df': 1, 'ngram_range': (1, 1)}
