0.45500000000000007,MyRandomForestClassifier,MyCountVectorizer,{'max_features': 'sqrt', 'n_estimators': 1000, 'max_depth': 10, 'min_samples_split': 5, 'min_samples_leaf': 1, 'bootstrap': True},{'min_df': 2, 'ngram_range': (1, 1)}
0.458,MyRandomForestClassifier,MyCountVectorizer,{'max_features': 'sqrt', 'n_estimators': 1000, 'max_depth': 10, 'min_samples_split': 5, 'min_samples_leaf': 1, 'bootstrap': True},{'min_df': 2, 'ngram_range': (1, 5)}
0.558,MyRandomForestClassifier,MyCountVectorizer,{'max_features': 'sqrt', 'n_estimators': 1000, 'max_depth': 10, 'min_samples_split': 5, 'min_samples_leaf': 1, 'bootstrap': True},{'min_df': 2, 'ngram_range': (1, 2)}
0.45199999999999996,MyRandomForestClassifier,MyCountVectorizer,{'max_features': 'sqrt', 'n_estimators': 1000, 'max_depth': 10, 'min_samples_split': 5, 'min_samples_leaf': 1, 'bootstrap': True},{'min_df': 2, 'ngram_range': (1, 3)}
0.5820000000000001,MyRandomForestClassifier,MyCountVectorizer,{'max_features': 'sqrt', 'n_estimators': 1000, 'max_depth': 10, 'min_samples_split': 5, 'min_samples_leaf': 1, 'bootstrap': True},{'min_df': 2, 'ngram_range': (1, 6)}
0.5800000000000001,MyRandomForestClassifier,MyCountVectorizer,{'max_features': 'sqrt', 'n_estimators': 1000, 'max_depth': 10, 'min_samples_split': 5, 'min_samples_leaf': 1, 'bootstrap': True},{'min_df': 2, 'ngram_range': (1, 4)}
0.558,MyRandomForestClassifier,MyCountVectorizer,{'max_features': 'sqrt', 'n_estimators': 1000, 'max_depth': 10, 'min_samples_split': 5, 'min_samples_leaf': 1, 'bootstrap': True},{'min_df': 1, 'ngram_range': (1, 1)}
0.534,MyRandomForestClassifier,MyCountVectorizer,{'max_features': 'sqrt', 'n_estimators': 1000, 'max_depth': 10, 'min_samples_split': 5, 'min_samples_leaf': 1, 'bootstrap': True},{'min_df': 3, 'ngram_range': (1, 1)}
0.4539999999999999,MyRandomForestClassifier,MyCountVectorizer,{'max_features': 'sqrt', 'n_estimators': 1000, 'max_depth': 10, 'min_samples_split': 5, 'min_samples_leaf': 1, 'bootstrap': True},{'min_df': 3, 'ngram_range': (1, 2)}
0.557,MyRandomForestClassifier,MyCountVectorizer,{'max_features': 'sqrt', 'n_estimators': 1000, 'max_depth': 10, 'min_samples_split': 5, 'min_samples_leaf': 1, 'bootstrap': True},{'min_df': 2, 'ngram_range': (1, 7)}
0.525,MyRandomForestClassifier,MyCountVectorizer,{'max_features': 'sqrt', 'n_estimators': 1000, 'max_depth': 10, 'min_samples_split': 5, 'min_samples_leaf': 1, 'bootstrap': True},{'min_df': 2, 'ngram_range': (1, 8)}
0.5,MyRandomForestClassifier,MyCountVectorizer,{'max_features': 'sqrt', 'n_estimators': 1000, 'max_depth': 10, 'min_samples_split': 5, 'min_samples_leaf': 1, 'bootstrap': True},{'min_df': 2, 'ngram_range': (1, 10)}
0.43,MyRandomForestClassifier,MyCountVectorizer,{'max_features': 'sqrt', 'n_estimators': 1000, 'max_depth': 10, 'min_samples_split': 5, 'min_samples_leaf': 1, 'bootstrap': True},{'min_df': 2, 'ngram_range': (1, 9)}
0.45299999999999996,MyRandomForestClassifier,MyCountVectorizer,{'max_features': 'sqrt', 'n_estimators': 1000, 'max_depth': 10, 'min_samples_split': 5, 'min_samples_leaf': 1, 'bootstrap': True},{'min_df': 3, 'ngram_range': (1, 3)}
0.396,MyRandomForestClassifier,MyCountVectorizer,{'max_features': 'sqrt', 'n_estimators': 1000, 'max_depth': 10, 'min_samples_split': 5, 'min_samples_leaf': 1, 'bootstrap': True},{'min_df': 3, 'ngram_range': (1, 5)}
0.45999999999999996,MyRandomForestClassifier,MyCountVectorizer,{'max_features': 'sqrt', 'n_estimators': 1000, 'max_depth': 10, 'min_samples_split': 5, 'min_samples_leaf': 1, 'bootstrap': True},{'min_df': 3, 'ngram_range': (1, 4)}
0.534,MyRandomForestClassifier,MyCountVectorizer,{'max_features': 'sqrt', 'n_estimators': 1000, 'max_depth': 10, 'min_samples_split': 5, 'min_samples_leaf': 1, 'bootstrap': True},{'min_df': 3, 'ngram_range': (1, 6)}
0.45600000000000007,MyRandomForestClassifier,MyCountVectorizer,{'max_features': 'sqrt', 'n_estimators': 1000, 'max_depth': 10, 'min_samples_split': 5, 'min_samples_leaf': 1, 'bootstrap': True},{'min_df': 3, 'ngram_range': (1, 8)}
0.442,MyRandomForestClassifier,MyCountVectorizer,{'max_features': 'sqrt', 'n_estimators': 1000, 'max_depth': 10, 'min_samples_split': 5, 'min_samples_leaf': 1, 'bootstrap': True},{'min_df': 3, 'ngram_range': (1, 10)}
0.458,MyRandomForestClassifier,MyCountVectorizer,{'max_features': 'sqrt', 'n_estimators': 1000, 'max_depth': 10, 'min_samples_split': 5, 'min_samples_leaf': 1, 'bootstrap': True},{'min_df': 3, 'ngram_range': (1, 7)}
0.466,MyRandomForestClassifier,MyCountVectorizer,{'max_features': 'sqrt', 'n_estimators': 1000, 'max_depth': 10, 'min_samples_split': 5, 'min_samples_leaf': 1, 'bootstrap': True},{'min_df': 3, 'ngram_range': (1, 9)}
0.42000000000000004,MyRandomForestClassifier,MyCountVectorizer,{'max_features': 'sqrt', 'n_estimators': 1000, 'max_depth': 10, 'min_samples_split': 5, 'min_samples_leaf': 1, 'bootstrap': True},{'min_df': 4, 'ngram_range': (1, 3)}
0.584,MyRandomForestClassifier,MyCountVectorizer,{'max_features': 'sqrt', 'n_estimators': 1000, 'max_depth': 10, 'min_samples_split': 5, 'min_samples_leaf': 1, 'bootstrap': True},{'min_df': 4, 'ngram_range': (1, 2)}
0.42000000000000004,MyRandomForestClassifier,MyCountVectorizer,{'max_features': 'sqrt', 'n_estimators': 1000, 'max_depth': 10, 'min_samples_split': 5, 'min_samples_leaf': 1, 'bootstrap': True},{'min_df': 4, 'ngram_range': (1, 1)}
0.563,MyRandomForestClassifier,MyCountVectorizer,{'max_features': 'sqrt', 'n_estimators': 1000, 'max_depth': 10, 'min_samples_split': 5, 'min_samples_leaf': 1, 'bootstrap': True},{'min_df': 4, 'ngram_range': (1, 4)}
0.558,MyRandomForestClassifier,MyCountVectorizer,{'max_features': 'sqrt', 'n_estimators': 1000, 'max_depth': 10, 'min_samples_split': 5, 'min_samples_leaf': 1, 'bootstrap': True},{'min_df': 4, 'ngram_range': (1, 5)}
0.4780000000000001,MyRandomForestClassifier,MyCountVectorizer,{'max_features': 'sqrt', 'n_estimators': 1000, 'max_depth': 10, 'min_samples_split': 5, 'min_samples_leaf': 1, 'bootstrap': True},{'min_df': 1, 'ngram_range': (1, 2)}
0.524,MyRandomForestClassifier,MyCountVectorizer,{'max_features': 'sqrt', 'n_estimators': 1000, 'max_depth': 10, 'min_samples_split': 5, 'min_samples_leaf': 1, 'bootstrap': True},{'min_df': 4, 'ngram_range': (1, 6)}
0.558,MyRandomForestClassifier,MyCountVectorizer,{'max_features': 'sqrt', 'n_estimators': 1000, 'max_depth': 10, 'min_samples_split': 5, 'min_samples_leaf': 1, 'bootstrap': True},{'min_df': 4, 'ngram_range': (1, 7)}
0.396,MyRandomForestClassifier,MyCountVectorizer,{'max_features': 'sqrt', 'n_estimators': 1000, 'max_depth': 10, 'min_samples_split': 5, 'min_samples_leaf': 1, 'bootstrap': True},{'min_df': 4, 'ngram_range': (1, 8)}
0.46799999999999997,MyRandomForestClassifier,MyCountVectorizer,{'max_features': 'sqrt', 'n_estimators': 1000, 'max_depth': 10, 'min_samples_split': 5, 'min_samples_leaf': 1, 'bootstrap': True},{'min_df': 4, 'ngram_range': (1, 9)}
0.45600000000000007,MyRandomForestClassifier,MyCountVectorizer,{'max_features': 'sqrt', 'n_estimators': 1000, 'max_depth': 10, 'min_samples_split': 5, 'min_samples_leaf': 1, 'bootstrap': True},{'min_df': 4, 'ngram_range': (1, 10)}
0.5670000000000001,MyRandomForestClassifier,MyCountVectorizer,{'max_features': 'sqrt', 'n_estimators': 1000, 'max_depth': 10, 'min_samples_split': 5, 'min_samples_leaf': 1, 'bootstrap': True},{'min_df': 5, 'ngram_range': (1, 1)}
0.45400000000000007,MyRandomForestClassifier,MyCountVectorizer,{'max_features': 'sqrt', 'n_estimators': 1000, 'max_depth': 10, 'min_samples_split': 5, 'min_samples_leaf': 1, 'bootstrap': True},{'min_df': 5, 'ngram_range': (1, 3)}
0.466,MyRandomForestClassifier,MyCountVectorizer,{'max_features': 'sqrt', 'n_estimators': 1000, 'max_depth': 10, 'min_samples_split': 5, 'min_samples_leaf': 1, 'bootstrap': True},{'min_df': 5, 'ngram_range': (1, 2)}
0.48100000000000004,MyRandomForestClassifier,MyCountVectorizer,{'max_features': 'sqrt', 'n_estimators': 1000, 'max_depth': 10, 'min_samples_split': 5, 'min_samples_leaf': 1, 'bootstrap': True},{'min_df': 5, 'ngram_range': (1, 4)}
0.396,MyRandomForestClassifier,MyCountVectorizer,{'max_features': 'sqrt', 'n_estimators': 1000, 'max_depth': 10, 'min_samples_split': 5, 'min_samples_leaf': 1, 'bootstrap': True},{'min_df': 5, 'ngram_range': (1, 5)}
0.476,MyRandomForestClassifier,MyCountVectorizer,{'max_features': 'sqrt', 'n_estimators': 1000, 'max_depth': 10, 'min_samples_split': 5, 'min_samples_leaf': 1, 'bootstrap': True},{'min_df': 5, 'ngram_range': (1, 6)}
0.6030000000000001,MyRandomForestClassifier,MyCountVectorizer,{'max_features': 'sqrt', 'n_estimators': 1000, 'max_depth': 10, 'min_samples_split': 5, 'min_samples_leaf': 1, 'bootstrap': True},{'min_df': 5, 'ngram_range': (1, 7)}
0.558,MyRandomForestClassifier,MyCountVectorizer,{'max_features': 'sqrt', 'n_estimators': 1000, 'max_depth': 10, 'min_samples_split': 5, 'min_samples_leaf': 1, 'bootstrap': True},{'min_df': 5, 'ngram_range': (1, 8)}
0.45,MyRandomForestClassifier,MyCountVectorizer,{'max_features': 'sqrt', 'n_estimators': 1000, 'max_depth': 10, 'min_samples_split': 5, 'min_samples_leaf': 1, 'bootstrap': True},{'min_df': 5, 'ngram_range': (1, 9)}
0.466,MyRandomForestClassifier,MyCountVectorizer,{'max_features': 'sqrt', 'n_estimators': 1000, 'max_depth': 10, 'min_samples_split': 5, 'min_samples_leaf': 1, 'bootstrap': True},{'min_df': 5, 'ngram_range': (1, 10)}
0.6040000000000001,MyRandomForestClassifier,MyCountVectorizer,{'max_features': 'sqrt', 'n_estimators': 1000, 'max_depth': 10, 'min_samples_split': 5, 'min_samples_leaf': 1, 'bootstrap': True},{'min_df': 6, 'ngram_range': (1, 1)}
0.548,MyRandomForestClassifier,MyCountVectorizer,{'max_features': 'sqrt', 'n_estimators': 1000, 'max_depth': 10, 'min_samples_split': 5, 'min_samples_leaf': 1, 'bootstrap': True},{'min_df': 6, 'ngram_range': (1, 2)}
0.45899999999999996,MyRandomForestClassifier,MyCountVectorizer,{'max_features': 'sqrt', 'n_estimators': 1000, 'max_depth': 10, 'min_samples_split': 5, 'min_samples_leaf': 1, 'bootstrap': True},{'min_df': 6, 'ngram_range': (1, 3)}
0.42200000000000004,MyRandomForestClassifier,MyCountVectorizer,{'max_features': 'sqrt', 'n_estimators': 1000, 'max_depth': 10, 'min_samples_split': 5, 'min_samples_leaf': 1, 'bootstrap': True},{'min_df': 6, 'ngram_range': (1, 4)}
0.45400000000000007,MyRandomForestClassifier,MyCountVectorizer,{'max_features': 'sqrt', 'n_estimators': 1000, 'max_depth': 10, 'min_samples_split': 5, 'min_samples_leaf': 1, 'bootstrap': True},{'min_df': 6, 'ngram_range': (1, 6)}
0.558,MyRandomForestClassifier,MyCountVectorizer,{'max_features': 'sqrt', 'n_estimators': 1000, 'max_depth': 10, 'min_samples_split': 5, 'min_samples_leaf': 1, 'bootstrap': True},{'min_df': 6, 'ngram_range': (1, 5)}
0.563,MyRandomForestClassifier,MyCountVectorizer,{'max_features': 'sqrt', 'n_estimators': 1000, 'max_depth': 10, 'min_samples_split': 5, 'min_samples_leaf': 1, 'bootstrap': True},{'min_df': 6, 'ngram_range': (1, 7)}
0.556,MyRandomForestClassifier,MyCountVectorizer,{'max_features': 'sqrt', 'n_estimators': 1000, 'max_depth': 10, 'min_samples_split': 5, 'min_samples_leaf': 1, 'bootstrap': True},{'min_df': 6, 'ngram_range': (1, 9)}
0.42000000000000004,MyRandomForestClassifier,MyCountVectorizer,{'max_features': 'sqrt', 'n_estimators': 1000, 'max_depth': 10, 'min_samples_split': 5, 'min_samples_leaf': 1, 'bootstrap': True},{'min_df': 6, 'ngram_range': (1, 8)}
0.4780000000000001,MyRandomForestClassifier,MyCountVectorizer,{'max_features': 'sqrt', 'n_estimators': 1000, 'max_depth': 10, 'min_samples_split': 5, 'min_samples_leaf': 1, 'bootstrap': True},{'min_df': 7, 'ngram_range': (1, 1)}
0.45400000000000007,MyRandomForestClassifier,MyCountVectorizer,{'max_features': 'sqrt', 'n_estimators': 1000, 'max_depth': 10, 'min_samples_split': 5, 'min_samples_leaf': 1, 'bootstrap': True},{'min_df': 6, 'ngram_range': (1, 10)}
0.548,MyRandomForestClassifier,MyCountVectorizer,{'max_features': 'sqrt', 'n_estimators': 1000, 'max_depth': 10, 'min_samples_split': 5, 'min_samples_leaf': 1, 'bootstrap': True},{'min_df': 7, 'ngram_range': (1, 2)}
0.4720000000000001,MyRandomForestClassifier,MyCountVectorizer,{'max_features': 'sqrt', 'n_estimators': 1000, 'max_depth': 10, 'min_samples_split': 5, 'min_samples_leaf': 1, 'bootstrap': True},{'min_df': 7, 'ngram_range': (1, 3)}
0.558,MyRandomForestClassifier,MyCountVectorizer,{'max_features': 'sqrt', 'n_estimators': 1000, 'max_depth': 10, 'min_samples_split': 5, 'min_samples_leaf': 1, 'bootstrap': True},{'min_df': 7, 'ngram_range': (1, 4)}
0.546,MyRandomForestClassifier,MyCountVectorizer,{'max_features': 'sqrt', 'n_estimators': 1000, 'max_depth': 10, 'min_samples_split': 5, 'min_samples_leaf': 1, 'bootstrap': True},{'min_df': 7, 'ngram_range': (1, 5)}
0.465,MyRandomForestClassifier,MyCountVectorizer,{'max_features': 'sqrt', 'n_estimators': 1000, 'max_depth': 10, 'min_samples_split': 5, 'min_samples_leaf': 1, 'bootstrap': True},{'min_df': 7, 'ngram_range': (1, 7)}
0.42000000000000004,MyRandomForestClassifier,MyCountVectorizer,{'max_features': 'sqrt', 'n_estimators': 1000, 'max_depth': 10, 'min_samples_split': 5, 'min_samples_leaf': 1, 'bootstrap': True},{'min_df': 7, 'ngram_range': (1, 6)}
0.45600000000000007,MyRandomForestClassifier,MyCountVectorizer,{'max_features': 'sqrt', 'n_estimators': 1000, 'max_depth': 10, 'min_samples_split': 5, 'min_samples_leaf': 1, 'bootstrap': True},{'min_df': 7, 'ngram_range': (1, 8)}
0.556,MyRandomForestClassifier,MyCountVectorizer,{'max_features': 'sqrt', 'n_estimators': 1000, 'max_depth': 10, 'min_samples_split': 5, 'min_samples_leaf': 1, 'bootstrap': True},{'min_df': 7, 'ngram_range': (1, 9)}
0.465,MyRandomForestClassifier,MyCountVectorizer,{'max_features': 'sqrt', 'n_estimators': 1000, 'max_depth': 10, 'min_samples_split': 5, 'min_samples_leaf': 1, 'bootstrap': True},{'min_df': 7, 'ngram_range': (1, 10)}
0.421,MyRandomForestClassifier,MyCountVectorizer,{'max_features': 'sqrt', 'n_estimators': 1000, 'max_depth': 10, 'min_samples_split': 5, 'min_samples_leaf': 1, 'bootstrap': True},{'min_df': 8, 'ngram_range': (1, 1)}
0.399,MyRandomForestClassifier,MyCountVectorizer,{'max_features': 'sqrt', 'n_estimators': 1000, 'max_depth': 10, 'min_samples_split': 5, 'min_samples_leaf': 1, 'bootstrap': True},{'min_df': 8, 'ngram_range': (1, 2)}
0.44400000000000006,MyRandomForestClassifier,MyCountVectorizer,{'max_features': 'sqrt', 'n_estimators': 1000, 'max_depth': 10, 'min_samples_split': 5, 'min_samples_leaf': 1, 'bootstrap': True},{'min_df': 8, 'ngram_range': (1, 3)}
0.45999999999999996,MyRandomForestClassifier,MyCountVectorizer,{'max_features': 'sqrt', 'n_estimators': 1000, 'max_depth': 10, 'min_samples_split': 5, 'min_samples_leaf': 1, 'bootstrap': True},{'min_df': 8, 'ngram_range': (1, 4)}
0.477,MyRandomForestClassifier,MyCountVectorizer,{'max_features': 'sqrt', 'n_estimators': 1000, 'max_depth': 10, 'min_samples_split': 5, 'min_samples_leaf': 1, 'bootstrap': True},{'min_df': 8, 'ngram_range': (1, 5)}
0.42000000000000004,MyRandomForestClassifier,MyCountVectorizer,{'max_features': 'sqrt', 'n_estimators': 1000, 'max_depth': 10, 'min_samples_split': 5, 'min_samples_leaf': 1, 'bootstrap': True},{'min_df': 8, 'ngram_range': (1, 6)}
0.43499999999999994,MyRandomForestClassifier,MyCountVectorizer,{'max_features': 'sqrt', 'n_estimators': 1000, 'max_depth': 10, 'min_samples_split': 5, 'min_samples_leaf': 1, 'bootstrap': True},{'min_df': 8, 'ngram_range': (1, 7)}
0.43900000000000006,MyRandomForestClassifier,MyCountVectorizer,{'max_features': 'sqrt', 'n_estimators': 1000, 'max_depth': 10, 'min_samples_split': 5, 'min_samples_leaf': 1, 'bootstrap': True},{'min_df': 8, 'ngram_range': (1, 8)}
0.575,MyRandomForestClassifier,MyCountVectorizer,{'max_features': 'sqrt', 'n_estimators': 1000, 'max_depth': 10, 'min_samples_split': 5, 'min_samples_leaf': 1, 'bootstrap': True},{'min_df': 8, 'ngram_range': (1, 9)}
0.548,MyRandomForestClassifier,MyCountVectorizer,{'max_features': 'sqrt', 'n_estimators': 1000, 'max_depth': 10, 'min_samples_split': 5, 'min_samples_leaf': 1, 'bootstrap': True},{'min_df': 9, 'ngram_range': (1, 1)}
0.5730000000000001,MyRandomForestClassifier,MyCountVectorizer,{'max_features': 'sqrt', 'n_estimators': 1000, 'max_depth': 10, 'min_samples_split': 5, 'min_samples_leaf': 1, 'bootstrap': True},{'min_df': 8, 'ngram_range': (1, 10)}
0.44800000000000006,MyRandomForestClassifier,MyCountVectorizer,{'max_features': 'sqrt', 'n_estimators': 1000, 'max_depth': 10, 'min_samples_split': 5, 'min_samples_leaf': 1, 'bootstrap': True},{'min_df': 9, 'ngram_range': (1, 3)}
0.45400000000000007,MyRandomForestClassifier,MyCountVectorizer,{'max_features': 'sqrt', 'n_estimators': 1000, 'max_depth': 10, 'min_samples_split': 5, 'min_samples_leaf': 1, 'bootstrap': True},{'min_df': 9, 'ngram_range': (1, 2)}
0.43,MyRandomForestClassifier,MyCountVectorizer,{'max_features': 'sqrt', 'n_estimators': 1000, 'max_depth': 10, 'min_samples_split': 5, 'min_samples_leaf': 1, 'bootstrap': True},{'min_df': 9, 'ngram_range': (1, 5)}
0.5820000000000001,MyRandomForestClassifier,MyCountVectorizer,{'max_features': 'sqrt', 'n_estimators': 1000, 'max_depth': 10, 'min_samples_split': 5, 'min_samples_leaf': 1, 'bootstrap': True},{'min_df': 9, 'ngram_range': (1, 4)}
0.45400000000000007,MyRandomForestClassifier,MyCountVectorizer,{'max_features': 'sqrt', 'n_estimators': 1000, 'max_depth': 10, 'min_samples_split': 5, 'min_samples_leaf': 1, 'bootstrap': True},{'min_df': 9, 'ngram_range': (1, 6)}
0.47700000000000004,MyRandomForestClassifier,MyCountVectorizer,{'max_features': 'sqrt', 'n_estimators': 1000, 'max_depth': 10, 'min_samples_split': 5, 'min_samples_leaf': 1, 'bootstrap': True},{'min_df': 9, 'ngram_range': (1, 7)}
0.465,MyRandomForestClassifier,MyCountVectorizer,{'max_features': 'sqrt', 'n_estimators': 1000, 'max_depth': 10, 'min_samples_split': 5, 'min_samples_leaf': 1, 'bootstrap': True},{'min_df': 9, 'ngram_range': (1, 8)}
0.44300000000000006,MyRandomForestClassifier,MyCountVectorizer,{'max_features': 'sqrt', 'n_estimators': 1000, 'max_depth': 10, 'min_samples_split': 5, 'min_samples_leaf': 1, 'bootstrap': True},{'min_df': 9, 'ngram_range': (1, 10)}
0.554,MyRandomForestClassifier,MyCountVectorizer,{'max_features': 'sqrt', 'n_estimators': 1000, 'max_depth': 10, 'min_samples_split': 5, 'min_samples_leaf': 1, 'bootstrap': True},{'min_df': 9, 'ngram_range': (1, 9)}
0.44400000000000006,MyRandomForestClassifier,MyCountVectorizer,{'max_features': 'sqrt', 'n_estimators': 1000, 'max_depth': 10, 'min_samples_split': 5, 'min_samples_leaf': 1, 'bootstrap': True},{'min_df': 10, 'ngram_range': (1, 1)}
0.507,MyRandomForestClassifier,MyCountVectorizer,{'max_features': 'sqrt', 'n_estimators': 1000, 'max_depth': 10, 'min_samples_split': 5, 'min_samples_leaf': 1, 'bootstrap': True},{'min_df': 10, 'ngram_range': (1, 3)}
0.4,MyRandomForestClassifier,MyCountVectorizer,{'max_features': 'sqrt', 'n_estimators': 1000, 'max_depth': 10, 'min_samples_split': 5, 'min_samples_leaf': 1, 'bootstrap': True},{'min_df': 10, 'ngram_range': (1, 2)}
0.5,MyRandomForestClassifier,MyCountVectorizer,{'max_features': 'sqrt', 'n_estimators': 1000, 'max_depth': 10, 'min_samples_split': 5, 'min_samples_leaf': 1, 'bootstrap': True},{'min_df': 1, 'ngram_range': (1, 3)}
0.446,MyRandomForestClassifier,MyCountVectorizer,{'max_features': 'sqrt', 'n_estimators': 1000, 'max_depth': 10, 'min_samples_split': 5, 'min_samples_leaf': 1, 'bootstrap': True},{'min_df': 10, 'ngram_range': (1, 4)}
0.396,MyRandomForestClassifier,MyCountVectorizer,{'max_features': 'sqrt', 'n_estimators': 1000, 'max_depth': 10, 'min_samples_split': 5, 'min_samples_leaf': 1, 'bootstrap': True},{'min_df': 10, 'ngram_range': (1, 5)}
0.442,MyRandomForestClassifier,MyCountVectorizer,{'max_features': 'sqrt', 'n_estimators': 1000, 'max_depth': 10, 'min_samples_split': 5, 'min_samples_leaf': 1, 'bootstrap': True},{'min_df': 10, 'ngram_range': (1, 6)}
0.5800000000000001,MyRandomForestClassifier,MyCountVectorizer,{'max_features': 'sqrt', 'n_estimators': 1000, 'max_depth': 10, 'min_samples_split': 5, 'min_samples_leaf': 1, 'bootstrap': True},{'min_df': 10, 'ngram_range': (1, 7)}
0.445,MyRandomForestClassifier,MyCountVectorizer,{'max_features': 'sqrt', 'n_estimators': 1000, 'max_depth': 10, 'min_samples_split': 5, 'min_samples_leaf': 1, 'bootstrap': True},{'min_df': 10, 'ngram_range': (1, 9)}
0.4800000000000001,MyRandomForestClassifier,MyCountVectorizer,{'max_features': 'sqrt', 'n_estimators': 1000, 'max_depth': 10, 'min_samples_split': 5, 'min_samples_leaf': 1, 'bootstrap': True},{'min_df': 10, 'ngram_range': (1, 8)}
0.4530000000000001,MyRandomForestClassifier,MyCountVectorizer,{'max_features': 'sqrt', 'n_estimators': 1000, 'max_depth': 10, 'min_samples_split': 5, 'min_samples_leaf': 1, 'bootstrap': True},{'min_df': 10, 'ngram_range': (1, 10)}
0.523,MyRandomForestClassifier,MyWord2Vectorizer,{'max_features': 'sqrt', 'n_estimators': 1000, 'max_depth': 10, 'min_samples_split': 5, 'min_samples_leaf': 1, 'bootstrap': True},{'vector_size': 100, 'window': 1, 'min_count': 1}
0.45400000000000007,MyRandomForestClassifier,MyWord2Vectorizer,{'max_features': 'sqrt', 'n_estimators': 1000, 'max_depth': 10, 'min_samples_split': 5, 'min_samples_leaf': 1, 'bootstrap': True},{'vector_size': 100, 'window': 1, 'min_count': 7}
0.5429999999999999,MyRandomForestClassifier,MyWord2Vectorizer,{'max_features': 'sqrt', 'n_estimators': 1000, 'max_depth': 10, 'min_samples_split': 5, 'min_samples_leaf': 1, 'bootstrap': True},{'vector_size': 100, 'window': 1, 'min_count': 3}
0.491,MyRandomForestClassifier,MyWord2Vectorizer,{'max_features': 'sqrt', 'n_estimators': 1000, 'max_depth': 10, 'min_samples_split': 5, 'min_samples_leaf': 1, 'bootstrap': True},{'vector_size': 100, 'window': 1, 'min_count': 5}
0.483,MyRandomForestClassifier,MyWord2Vectorizer,{'max_features': 'sqrt', 'n_estimators': 1000, 'max_depth': 10, 'min_samples_split': 5, 'min_samples_leaf': 1, 'bootstrap': True},{'vector_size': 100, 'window': 1, 'min_count': 9}
0.46399999999999997,MyRandomForestClassifier,MyWord2Vectorizer,{'max_features': 'sqrt', 'n_estimators': 1000, 'max_depth': 10, 'min_samples_split': 5, 'min_samples_leaf': 1, 'bootstrap': True},{'vector_size': 100, 'window': 3, 'min_count': 1}
0.42699999999999994,MyRandomForestClassifier,MyWord2Vectorizer,{'max_features': 'sqrt', 'n_estimators': 1000, 'max_depth': 10, 'min_samples_split': 5, 'min_samples_leaf': 1, 'bootstrap': True},{'vector_size': 100, 'window': 3, 'min_count': 3}
0.487,MyRandomForestClassifier,MyWord2Vectorizer,{'max_features': 'sqrt', 'n_estimators': 1000, 'max_depth': 10, 'min_samples_split': 5, 'min_samples_leaf': 1, 'bootstrap': True},{'vector_size': 100, 'window': 3, 'min_count': 5}
0.457,MyRandomForestClassifier,MyWord2Vectorizer,{'max_features': 'sqrt', 'n_estimators': 1000, 'max_depth': 10, 'min_samples_split': 5, 'min_samples_leaf': 1, 'bootstrap': True},{'vector_size': 100, 'window': 3, 'min_count': 9}
0.496,MyRandomForestClassifier,MyWord2Vectorizer,{'max_features': 'sqrt', 'n_estimators': 1000, 'max_depth': 10, 'min_samples_split': 5, 'min_samples_leaf': 1, 'bootstrap': True},{'vector_size': 100, 'window': 5, 'min_count': 1}
0.48600000000000004,MyRandomForestClassifier,MyWord2Vectorizer,{'max_features': 'sqrt', 'n_estimators': 1000, 'max_depth': 10, 'min_samples_split': 5, 'min_samples_leaf': 1, 'bootstrap': True},{'vector_size': 100, 'window': 3, 'min_count': 7}
0.495,MyRandomForestClassifier,MyWord2Vectorizer,{'max_features': 'sqrt', 'n_estimators': 1000, 'max_depth': 10, 'min_samples_split': 5, 'min_samples_leaf': 1, 'bootstrap': True},{'vector_size': 100, 'window': 5, 'min_count': 3}
0.4720000000000001,MyRandomForestClassifier,MyWord2Vectorizer,{'max_features': 'sqrt', 'n_estimators': 1000, 'max_depth': 10, 'min_samples_split': 5, 'min_samples_leaf': 1, 'bootstrap': True},{'vector_size': 100, 'window': 5, 'min_count': 5}
0.441,MyRandomForestClassifier,MyWord2Vectorizer,{'max_features': 'sqrt', 'n_estimators': 1000, 'max_depth': 10, 'min_samples_split': 5, 'min_samples_leaf': 1, 'bootstrap': True},{'vector_size': 100, 'window': 5, 'min_count': 9}
0.521,MyRandomForestClassifier,MyWord2Vectorizer,{'max_features': 'sqrt', 'n_estimators': 1000, 'max_depth': 10, 'min_samples_split': 5, 'min_samples_leaf': 1, 'bootstrap': True},{'vector_size': 100, 'window': 5, 'min_count': 7}
0.43499999999999994,MyRandomForestClassifier,MyWord2Vectorizer,{'max_features': 'sqrt', 'n_estimators': 1000, 'max_depth': 10, 'min_samples_split': 5, 'min_samples_leaf': 1, 'bootstrap': True},{'vector_size': 100, 'window': 7, 'min_count': 1}
0.532,MyRandomForestClassifier,MyWord2Vectorizer,{'max_features': 'sqrt', 'n_estimators': 1000, 'max_depth': 10, 'min_samples_split': 5, 'min_samples_leaf': 1, 'bootstrap': True},{'vector_size': 100, 'window': 7, 'min_count': 3}
0.558,MyRandomForestClassifier,MyCountVectorizer,{'max_features': 'sqrt', 'n_estimators': 1000, 'max_depth': 10, 'min_samples_split': 5, 'min_samples_leaf': 1, 'bootstrap': True},{'min_df': 1, 'ngram_range': (1, 4)}
0.579,MyRandomForestClassifier,MyWord2Vectorizer,{'max_features': 'sqrt', 'n_estimators': 1000, 'max_depth': 10, 'min_samples_split': 5, 'min_samples_leaf': 1, 'bootstrap': True},{'vector_size': 100, 'window': 7, 'min_count': 9}
0.44800000000000006,MyRandomForestClassifier,MyWord2Vectorizer,{'max_features': 'sqrt', 'n_estimators': 1000, 'max_depth': 10, 'min_samples_split': 5, 'min_samples_leaf': 1, 'bootstrap': True},{'vector_size': 100, 'window': 7, 'min_count': 7}
0.549,MyRandomForestClassifier,MyWord2Vectorizer,{'max_features': 'sqrt', 'n_estimators': 1000, 'max_depth': 10, 'min_samples_split': 5, 'min_samples_leaf': 1, 'bootstrap': True},{'vector_size': 100, 'window': 7, 'min_count': 5}
0.539,MyRandomForestClassifier,MyWord2Vectorizer,{'max_features': 'sqrt', 'n_estimators': 1000, 'max_depth': 10, 'min_samples_split': 5, 'min_samples_leaf': 1, 'bootstrap': True},{'vector_size': 100, 'window': 9, 'min_count': 1}
0.557,MyRandomForestClassifier,MyWord2Vectorizer,{'max_features': 'sqrt', 'n_estimators': 1000, 'max_depth': 10, 'min_samples_split': 5, 'min_samples_leaf': 1, 'bootstrap': True},{'vector_size': 100, 'window': 9, 'min_count': 3}
0.442,MyRandomForestClassifier,MyWord2Vectorizer,{'max_features': 'sqrt', 'n_estimators': 1000, 'max_depth': 10, 'min_samples_split': 5, 'min_samples_leaf': 1, 'bootstrap': True},{'vector_size': 100, 'window': 9, 'min_count': 7}
0.539,MyRandomForestClassifier,MyWord2Vectorizer,{'max_features': 'sqrt', 'n_estimators': 1000, 'max_depth': 10, 'min_samples_split': 5, 'min_samples_leaf': 1, 'bootstrap': True},{'vector_size': 100, 'window': 9, 'min_count': 9}
0.45099999999999996,MyRandomForestClassifier,MyWord2Vectorizer,{'max_features': 'sqrt', 'n_estimators': 1000, 'max_depth': 10, 'min_samples_split': 5, 'min_samples_leaf': 1, 'bootstrap': True},{'vector_size': 100, 'window': 9, 'min_count': 5}
0.511,MyRandomForestClassifier,MyWord2Vectorizer,{'max_features': 'sqrt', 'n_estimators': 1000, 'max_depth': 10, 'min_samples_split': 5, 'min_samples_leaf': 1, 'bootstrap': True},{'vector_size': 100, 'window': 11, 'min_count': 1}
0.496,MyRandomForestClassifier,MyWord2Vectorizer,{'max_features': 'sqrt', 'n_estimators': 1000, 'max_depth': 10, 'min_samples_split': 5, 'min_samples_leaf': 1, 'bootstrap': True},{'vector_size': 100, 'window': 11, 'min_count': 5}
0.562,MyRandomForestClassifier,MyWord2Vectorizer,{'max_features': 'sqrt', 'n_estimators': 1000, 'max_depth': 10, 'min_samples_split': 5, 'min_samples_leaf': 1, 'bootstrap': True},{'vector_size': 100, 'window': 11, 'min_count': 7}
0.466,MyRandomForestClassifier,MyWord2Vectorizer,{'max_features': 'sqrt', 'n_estimators': 1000, 'max_depth': 10, 'min_samples_split': 5, 'min_samples_leaf': 1, 'bootstrap': True},{'vector_size': 100, 'window': 11, 'min_count': 3}
0.46299999999999997,MyRandomForestClassifier,MyWord2Vectorizer,{'max_features': 'sqrt', 'n_estimators': 1000, 'max_depth': 10, 'min_samples_split': 5, 'min_samples_leaf': 1, 'bootstrap': True},{'vector_size': 100, 'window': 11, 'min_count': 9}
0.4709999999999999,MyRandomForestClassifier,MyWord2Vectorizer,{'max_features': 'sqrt', 'n_estimators': 1000, 'max_depth': 10, 'min_samples_split': 5, 'min_samples_leaf': 1, 'bootstrap': True},{'vector_size': 100, 'window': 13, 'min_count': 1}
0.5080000000000001,MyRandomForestClassifier,MyWord2Vectorizer,{'max_features': 'sqrt', 'n_estimators': 1000, 'max_depth': 10, 'min_samples_split': 5, 'min_samples_leaf': 1, 'bootstrap': True},{'vector_size': 100, 'window': 13, 'min_count': 3}
0.529,MyRandomForestClassifier,MyWord2Vectorizer,{'max_features': 'sqrt', 'n_estimators': 1000, 'max_depth': 10, 'min_samples_split': 5, 'min_samples_leaf': 1, 'bootstrap': True},{'vector_size': 100, 'window': 13, 'min_count': 5}
0.5900000000000001,MyRandomForestClassifier,MyWord2Vectorizer,{'max_features': 'sqrt', 'n_estimators': 1000, 'max_depth': 10, 'min_samples_split': 5, 'min_samples_leaf': 1, 'bootstrap': True},{'vector_size': 100, 'window': 13, 'min_count': 7}
0.5609999999999999,MyRandomForestClassifier,MyWord2Vectorizer,{'max_features': 'sqrt', 'n_estimators': 1000, 'max_depth': 10, 'min_samples_split': 5, 'min_samples_leaf': 1, 'bootstrap': True},{'vector_size': 100, 'window': 13, 'min_count': 9}
0.43000000000000005,MyRandomForestClassifier,MyWord2Vectorizer,{'max_features': 'sqrt', 'n_estimators': 1000, 'max_depth': 10, 'min_samples_split': 5, 'min_samples_leaf': 1, 'bootstrap': True},{'vector_size': 100, 'window': 15, 'min_count': 1}
0.45899999999999996,MyRandomForestClassifier,MyWord2Vectorizer,{'max_features': 'sqrt', 'n_estimators': 1000, 'max_depth': 10, 'min_samples_split': 5, 'min_samples_leaf': 1, 'bootstrap': True},{'vector_size': 100, 'window': 15, 'min_count': 7}
0.433,MyRandomForestClassifier,MyWord2Vectorizer,{'max_features': 'sqrt', 'n_estimators': 1000, 'max_depth': 10, 'min_samples_split': 5, 'min_samples_leaf': 1, 'bootstrap': True},{'vector_size': 100, 'window': 15, 'min_count': 3}
0.4840000000000001,MyRandomForestClassifier,MyWord2Vectorizer,{'max_features': 'sqrt', 'n_estimators': 1000, 'max_depth': 10, 'min_samples_split': 5, 'min_samples_leaf': 1, 'bootstrap': True},{'vector_size': 100, 'window': 15, 'min_count': 5}
0.43,MyRandomForestClassifier,MyCountVectorizer,{'max_features': 'sqrt', 'n_estimators': 1000, 'max_depth': 10, 'min_samples_split': 5, 'min_samples_leaf': 1, 'bootstrap': True},{'min_df': 1, 'ngram_range': (1, 5)}
0.509,MyRandomForestClassifier,MyWord2Vectorizer,{'max_features': 'sqrt', 'n_estimators': 1000, 'max_depth': 10, 'min_samples_split': 5, 'min_samples_leaf': 1, 'bootstrap': True},{'vector_size': 100, 'window': 15, 'min_count': 9}
0.458,MyRandomForestClassifier,MyWord2Vectorizer,{'max_features': 'sqrt', 'n_estimators': 1000, 'max_depth': 10, 'min_samples_split': 5, 'min_samples_leaf': 1, 'bootstrap': True},{'vector_size': 100, 'window': 17, 'min_count': 1}
0.578,MyRandomForestClassifier,MyWord2Vectorizer,{'max_features': 'sqrt', 'n_estimators': 1000, 'max_depth': 10, 'min_samples_split': 5, 'min_samples_leaf': 1, 'bootstrap': True},{'vector_size': 100, 'window': 17, 'min_count': 3}
0.45199999999999996,MyRandomForestClassifier,MyWord2Vectorizer,{'max_features': 'sqrt', 'n_estimators': 1000, 'max_depth': 10, 'min_samples_split': 5, 'min_samples_leaf': 1, 'bootstrap': True},{'vector_size': 100, 'window': 17, 'min_count': 7}
0.495,MyRandomForestClassifier,MyWord2Vectorizer,{'max_features': 'sqrt', 'n_estimators': 1000, 'max_depth': 10, 'min_samples_split': 5, 'min_samples_leaf': 1, 'bootstrap': True},{'vector_size': 100, 'window': 17, 'min_count': 5}
0.556,MyRandomForestClassifier,MyWord2Vectorizer,{'max_features': 'sqrt', 'n_estimators': 1000, 'max_depth': 10, 'min_samples_split': 5, 'min_samples_leaf': 1, 'bootstrap': True},{'vector_size': 100, 'window': 19, 'min_count': 1}
0.544,MyRandomForestClassifier,MyWord2Vectorizer,{'max_features': 'sqrt', 'n_estimators': 1000, 'max_depth': 10, 'min_samples_split': 5, 'min_samples_leaf': 1, 'bootstrap': True},{'vector_size': 100, 'window': 17, 'min_count': 9}
0.515,MyRandomForestClassifier,MyWord2Vectorizer,{'max_features': 'sqrt', 'n_estimators': 1000, 'max_depth': 10, 'min_samples_split': 5, 'min_samples_leaf': 1, 'bootstrap': True},{'vector_size': 100, 'window': 19, 'min_count': 7}
0.45099999999999996,MyRandomForestClassifier,MyWord2Vectorizer,{'max_features': 'sqrt', 'n_estimators': 1000, 'max_depth': 10, 'min_samples_split': 5, 'min_samples_leaf': 1, 'bootstrap': True},{'vector_size': 100, 'window': 19, 'min_count': 5}
0.493,MyRandomForestClassifier,MyWord2Vectorizer,{'max_features': 'sqrt', 'n_estimators': 1000, 'max_depth': 10, 'min_samples_split': 5, 'min_samples_leaf': 1, 'bootstrap': True},{'vector_size': 100, 'window': 19, 'min_count': 3}
0.5589999999999999,MyRandomForestClassifier,MyWord2Vectorizer,{'max_features': 'sqrt', 'n_estimators': 1000, 'max_depth': 10, 'min_samples_split': 5, 'min_samples_leaf': 1, 'bootstrap': True},{'vector_size': 100, 'window': 19, 'min_count': 9}
0.42300000000000004,MyRandomForestClassifier,MyWord2Vectorizer,{'max_features': 'sqrt', 'n_estimators': 1000, 'max_depth': 10, 'min_samples_split': 5, 'min_samples_leaf': 1, 'bootstrap': True},{'vector_size': 500, 'window': 1, 'min_count': 3}
0.5800000000000001,MyRandomForestClassifier,MyCountVectorizer,{'max_features': 'sqrt', 'n_estimators': 1000, 'max_depth': 10, 'min_samples_split': 5, 'min_samples_leaf': 1, 'bootstrap': True},{'min_df': 1, 'ngram_range': (1, 6)}
0.48199999999999993,MyRandomForestClassifier,MyWord2Vectorizer,{'max_features': 'sqrt', 'n_estimators': 1000, 'max_depth': 10, 'min_samples_split': 5, 'min_samples_leaf': 1, 'bootstrap': True},{'vector_size': 500, 'window': 1, 'min_count': 1}
0.487,MyRandomForestClassifier,MyWord2Vectorizer,{'max_features': 'sqrt', 'n_estimators': 1000, 'max_depth': 10, 'min_samples_split': 5, 'min_samples_leaf': 1, 'bootstrap': True},{'vector_size': 500, 'window': 1, 'min_count': 5}
0.44400000000000006,MyRandomForestClassifier,MyWord2Vectorizer,{'max_features': 'sqrt', 'n_estimators': 1000, 'max_depth': 10, 'min_samples_split': 5, 'min_samples_leaf': 1, 'bootstrap': True},{'vector_size': 500, 'window': 1, 'min_count': 7}
0.458,MyRandomForestClassifier,MyWord2Vectorizer,{'max_features': 'sqrt', 'n_estimators': 1000, 'max_depth': 10, 'min_samples_split': 5, 'min_samples_leaf': 1, 'bootstrap': True},{'vector_size': 500, 'window': 1, 'min_count': 9}
0.476,MyRandomForestClassifier,MyWord2Vectorizer,{'max_features': 'sqrt', 'n_estimators': 1000, 'max_depth': 10, 'min_samples_split': 5, 'min_samples_leaf': 1, 'bootstrap': True},{'vector_size': 500, 'window': 3, 'min_count': 1}
0.576,MyRandomForestClassifier,MyWord2Vectorizer,{'max_features': 'sqrt', 'n_estimators': 1000, 'max_depth': 10, 'min_samples_split': 5, 'min_samples_leaf': 1, 'bootstrap': True},{'vector_size': 500, 'window': 3, 'min_count': 3}
0.433,MyRandomForestClassifier,MyWord2Vectorizer,{'max_features': 'sqrt', 'n_estimators': 1000, 'max_depth': 10, 'min_samples_split': 5, 'min_samples_leaf': 1, 'bootstrap': True},{'vector_size': 500, 'window': 3, 'min_count': 5}
0.562,MyRandomForestClassifier,MyWord2Vectorizer,{'max_features': 'sqrt', 'n_estimators': 1000, 'max_depth': 10, 'min_samples_split': 5, 'min_samples_leaf': 1, 'bootstrap': True},{'vector_size': 500, 'window': 3, 'min_count': 7}
0.45,MyRandomForestClassifier,MyWord2Vectorizer,{'max_features': 'sqrt', 'n_estimators': 1000, 'max_depth': 10, 'min_samples_split': 5, 'min_samples_leaf': 1, 'bootstrap': True},{'vector_size': 500, 'window': 3, 'min_count': 9}
0.476,MyRandomForestClassifier,MyCountVectorizer,{'max_features': 'sqrt', 'n_estimators': 1000, 'max_depth': 10, 'min_samples_split': 5, 'min_samples_leaf': 1, 'bootstrap': True},{'min_df': 1, 'ngram_range': (1, 7)}
0.449,MyRandomForestClassifier,MyWord2Vectorizer,{'max_features': 'sqrt', 'n_estimators': 1000, 'max_depth': 10, 'min_samples_split': 5, 'min_samples_leaf': 1, 'bootstrap': True},{'vector_size': 500, 'window': 5, 'min_count': 1}
0.4700000000000001,MyRandomForestClassifier,MyWord2Vectorizer,{'max_features': 'sqrt', 'n_estimators': 1000, 'max_depth': 10, 'min_samples_split': 5, 'min_samples_leaf': 1, 'bootstrap': True},{'vector_size': 500, 'window': 5, 'min_count': 3}
0.449,MyRandomForestClassifier,MyWord2Vectorizer,{'max_features': 'sqrt', 'n_estimators': 1000, 'max_depth': 10, 'min_samples_split': 5, 'min_samples_leaf': 1, 'bootstrap': True},{'vector_size': 500, 'window': 5, 'min_count': 5}
0.49000000000000005,MyRandomForestClassifier,MyWord2Vectorizer,{'max_features': 'sqrt', 'n_estimators': 1000, 'max_depth': 10, 'min_samples_split': 5, 'min_samples_leaf': 1, 'bootstrap': True},{'vector_size': 500, 'window': 5, 'min_count': 9}
0.537,MyRandomForestClassifier,MyWord2Vectorizer,{'max_features': 'sqrt', 'n_estimators': 1000, 'max_depth': 10, 'min_samples_split': 5, 'min_samples_leaf': 1, 'bootstrap': True},{'vector_size': 500, 'window': 5, 'min_count': 7}
0.438,MyRandomForestClassifier,MyWord2Vectorizer,{'max_features': 'sqrt', 'n_estimators': 1000, 'max_depth': 10, 'min_samples_split': 5, 'min_samples_leaf': 1, 'bootstrap': True},{'vector_size': 500, 'window': 7, 'min_count': 1}
0.42000000000000004,MyRandomForestClassifier,MyCountVectorizer,{'max_features': 'sqrt', 'n_estimators': 1000, 'max_depth': 10, 'min_samples_split': 5, 'min_samples_leaf': 1, 'bootstrap': True},{'min_df': 1, 'ngram_range': (1, 8)}
0.475,MyRandomForestClassifier,MyWord2Vectorizer,{'max_features': 'sqrt', 'n_estimators': 1000, 'max_depth': 10, 'min_samples_split': 5, 'min_samples_leaf': 1, 'bootstrap': True},{'vector_size': 500, 'window': 7, 'min_count': 3}
0.45400000000000007,MyRandomForestClassifier,MyCountVectorizer,{'max_features': 'sqrt', 'n_estimators': 1000, 'max_depth': 10, 'min_samples_split': 5, 'min_samples_leaf': 1, 'bootstrap': True},{'min_df': 1, 'ngram_range': (1, 10)}
0.4840000000000001,MyRandomForestClassifier,MyWord2Vectorizer,{'max_features': 'sqrt', 'n_estimators': 1000, 'max_depth': 10, 'min_samples_split': 5, 'min_samples_leaf': 1, 'bootstrap': True},{'vector_size': 500, 'window': 7, 'min_count': 5}
0.42000000000000004,MyRandomForestClassifier,MyCountVectorizer,{'max_features': 'sqrt', 'n_estimators': 1000, 'max_depth': 10, 'min_samples_split': 5, 'min_samples_leaf': 1, 'bootstrap': True},{'min_df': 1, 'ngram_range': (1, 9)}
0.426,MyRandomForestClassifier,MyWord2Vectorizer,{'max_features': 'sqrt', 'n_estimators': 1000, 'max_depth': 10, 'min_samples_split': 5, 'min_samples_leaf': 1, 'bootstrap': True},{'vector_size': 500, 'window': 7, 'min_count': 7}
0.45600000000000007,MyRandomForestClassifier,MyWord2Vectorizer,{'max_features': 'sqrt', 'n_estimators': 1000, 'max_depth': 10, 'min_samples_split': 5, 'min_samples_leaf': 1, 'bootstrap': True},{'vector_size': 500, 'window': 7, 'min_count': 9}
0.44000000000000006,MyRandomForestClassifier,MyWord2Vectorizer,{'max_features': 'sqrt', 'n_estimators': 1000, 'max_depth': 10, 'min_samples_split': 5, 'min_samples_leaf': 1, 'bootstrap': True},{'vector_size': 500, 'window': 9, 'min_count': 1}
0.4790000000000001,MyRandomForestClassifier,MyWord2Vectorizer,{'max_features': 'sqrt', 'n_estimators': 1000, 'max_depth': 10, 'min_samples_split': 5, 'min_samples_leaf': 1, 'bootstrap': True},{'vector_size': 500, 'window': 9, 'min_count': 3}
0.4800000000000001,MyRandomForestClassifier,MyWord2Vectorizer,{'max_features': 'sqrt', 'n_estimators': 1000, 'max_depth': 10, 'min_samples_split': 5, 'min_samples_leaf': 1, 'bootstrap': True},{'vector_size': 500, 'window': 9, 'min_count': 5}
0.413,MyRandomForestClassifier,MyWord2Vectorizer,{'max_features': 'sqrt', 'n_estimators': 1000, 'max_depth': 10, 'min_samples_split': 5, 'min_samples_leaf': 1, 'bootstrap': True},{'vector_size': 500, 'window': 9, 'min_count': 7}
0.5730000000000001,MyRandomForestClassifier,MyWord2Vectorizer,{'max_features': 'sqrt', 'n_estimators': 1000, 'max_depth': 10, 'min_samples_split': 5, 'min_samples_leaf': 1, 'bootstrap': True},{'vector_size': 500, 'window': 11, 'min_count': 1}
0.42699999999999994,MyRandomForestClassifier,MyWord2Vectorizer,{'max_features': 'sqrt', 'n_estimators': 1000, 'max_depth': 10, 'min_samples_split': 5, 'min_samples_leaf': 1, 'bootstrap': True},{'vector_size': 500, 'window': 9, 'min_count': 9}
0.48900000000000005,MyRandomForestClassifier,MyWord2Vectorizer,{'max_features': 'sqrt', 'n_estimators': 1000, 'max_depth': 10, 'min_samples_split': 5, 'min_samples_leaf': 1, 'bootstrap': True},{'vector_size': 500, 'window': 11, 'min_count': 3}
0.5469999999999999,MyRandomForestClassifier,MyWord2Vectorizer,{'max_features': 'sqrt', 'n_estimators': 1000, 'max_depth': 10, 'min_samples_split': 5, 'min_samples_leaf': 1, 'bootstrap': True},{'vector_size': 500, 'window': 11, 'min_count': 7}
0.46699999999999997,MyRandomForestClassifier,MyWord2Vectorizer,{'max_features': 'sqrt', 'n_estimators': 1000, 'max_depth': 10, 'min_samples_split': 5, 'min_samples_leaf': 1, 'bootstrap': True},{'vector_size': 500, 'window': 11, 'min_count': 5}
0.556,MyRandomForestClassifier,MyWord2Vectorizer,{'max_features': 'sqrt', 'n_estimators': 1000, 'max_depth': 10, 'min_samples_split': 5, 'min_samples_leaf': 1, 'bootstrap': True},{'vector_size': 500, 'window': 11, 'min_count': 9}
0.491,MyRandomForestClassifier,MyWord2Vectorizer,{'max_features': 'sqrt', 'n_estimators': 1000, 'max_depth': 10, 'min_samples_split': 5, 'min_samples_leaf': 1, 'bootstrap': True},{'vector_size': 500, 'window': 13, 'min_count': 1}
0.53,MyRandomForestClassifier,MyWord2Vectorizer,{'max_features': 'sqrt', 'n_estimators': 1000, 'max_depth': 10, 'min_samples_split': 5, 'min_samples_leaf': 1, 'bootstrap': True},{'vector_size': 500, 'window': 13, 'min_count': 3}
0.45899999999999996,MyRandomForestClassifier,MyWord2Vectorizer,{'max_features': 'sqrt', 'n_estimators': 1000, 'max_depth': 10, 'min_samples_split': 5, 'min_samples_leaf': 1, 'bootstrap': True},{'vector_size': 500, 'window': 13, 'min_count': 5}
0.471,MyRandomForestClassifier,MyWord2Vectorizer,{'max_features': 'sqrt', 'n_estimators': 1000, 'max_depth': 10, 'min_samples_split': 5, 'min_samples_leaf': 1, 'bootstrap': True},{'vector_size': 500, 'window': 13, 'min_count': 7}
0.45099999999999996,MyRandomForestClassifier,MyWord2Vectorizer,{'max_features': 'sqrt', 'n_estimators': 1000, 'max_depth': 10, 'min_samples_split': 5, 'min_samples_leaf': 1, 'bootstrap': True},{'vector_size': 500, 'window': 13, 'min_count': 9}
0.44399999999999995,MyRandomForestClassifier,MyWord2Vectorizer,{'max_features': 'sqrt', 'n_estimators': 1000, 'max_depth': 10, 'min_samples_split': 5, 'min_samples_leaf': 1, 'bootstrap': True},{'vector_size': 500, 'window': 15, 'min_count': 1}
0.5349999999999999,MyRandomForestClassifier,MyWord2Vectorizer,{'max_features': 'sqrt', 'n_estimators': 1000, 'max_depth': 10, 'min_samples_split': 5, 'min_samples_leaf': 1, 'bootstrap': True},{'vector_size': 500, 'window': 15, 'min_count': 3}
0.449,MyRandomForestClassifier,MyWord2Vectorizer,{'max_features': 'sqrt', 'n_estimators': 1000, 'max_depth': 10, 'min_samples_split': 5, 'min_samples_leaf': 1, 'bootstrap': True},{'vector_size': 500, 'window': 15, 'min_count': 5}
0.49000000000000005,MyRandomForestClassifier,MyWord2Vectorizer,{'max_features': 'sqrt', 'n_estimators': 1000, 'max_depth': 10, 'min_samples_split': 5, 'min_samples_leaf': 1, 'bootstrap': True},{'vector_size': 500, 'window': 15, 'min_count': 7}
0.541,MyRandomForestClassifier,MyWord2Vectorizer,{'max_features': 'sqrt', 'n_estimators': 1000, 'max_depth': 10, 'min_samples_split': 5, 'min_samples_leaf': 1, 'bootstrap': True},{'vector_size': 500, 'window': 15, 'min_count': 9}
0.476,MyRandomForestClassifier,MyWord2Vectorizer,{'max_features': 'sqrt', 'n_estimators': 1000, 'max_depth': 10, 'min_samples_split': 5, 'min_samples_leaf': 1, 'bootstrap': True},{'vector_size': 500, 'window': 17, 'min_count': 1}
0.5269999999999999,MyRandomForestClassifier,MyWord2Vectorizer,{'max_features': 'sqrt', 'n_estimators': 1000, 'max_depth': 10, 'min_samples_split': 5, 'min_samples_leaf': 1, 'bootstrap': True},{'vector_size': 500, 'window': 17, 'min_count': 5}
0.529,MyRandomForestClassifier,MyWord2Vectorizer,{'max_features': 'sqrt', 'n_estimators': 1000, 'max_depth': 10, 'min_samples_split': 5, 'min_samples_leaf': 1, 'bootstrap': True},{'vector_size': 500, 'window': 17, 'min_count': 3}
0.5860000000000001,MyRandomForestClassifier,MyWord2Vectorizer,{'max_features': 'sqrt', 'n_estimators': 1000, 'max_depth': 10, 'min_samples_split': 5, 'min_samples_leaf': 1, 'bootstrap': True},{'vector_size': 500, 'window': 17, 'min_count': 7}
0.506,MyRandomForestClassifier,MyWord2Vectorizer,{'max_features': 'sqrt', 'n_estimators': 1000, 'max_depth': 10, 'min_samples_split': 5, 'min_samples_leaf': 1, 'bootstrap': True},{'vector_size': 500, 'window': 17, 'min_count': 9}
0.48200000000000004,MyRandomForestClassifier,MyWord2Vectorizer,{'max_features': 'sqrt', 'n_estimators': 1000, 'max_depth': 10, 'min_samples_split': 5, 'min_samples_leaf': 1, 'bootstrap': True},{'vector_size': 500, 'window': 19, 'min_count': 1}
0.579,MyRandomForestClassifier,MyWord2Vectorizer,{'max_features': 'sqrt', 'n_estimators': 1000, 'max_depth': 10, 'min_samples_split': 5, 'min_samples_leaf': 1, 'bootstrap': True},{'vector_size': 500, 'window': 19, 'min_count': 5}
0.507,MyRandomForestClassifier,MyWord2Vectorizer,{'max_features': 'sqrt', 'n_estimators': 1000, 'max_depth': 10, 'min_samples_split': 5, 'min_samples_leaf': 1, 'bootstrap': True},{'vector_size': 500, 'window': 19, 'min_count': 3}
0.508,MyRandomForestClassifier,MyWord2Vectorizer,{'max_features': 'sqrt', 'n_estimators': 1000, 'max_depth': 10, 'min_samples_split': 5, 'min_samples_leaf': 1, 'bootstrap': True},{'vector_size': 500, 'window': 19, 'min_count': 9}
0.5269999999999999,MyRandomForestClassifier,MyWord2Vectorizer,{'max_features': 'sqrt', 'n_estimators': 1000, 'max_depth': 10, 'min_samples_split': 5, 'min_samples_leaf': 1, 'bootstrap': True},{'vector_size': 500, 'window': 19, 'min_count': 7}
0.477,MyRandomForestClassifier,MyWord2Vectorizer,{'max_features': 'sqrt', 'n_estimators': 1000, 'max_depth': 10, 'min_samples_split': 5, 'min_samples_leaf': 1, 'bootstrap': True},{'vector_size': 900, 'window': 1, 'min_count': 1}
0.42799999999999994,MyRandomForestClassifier,MyWord2Vectorizer,{'max_features': 'sqrt', 'n_estimators': 1000, 'max_depth': 10, 'min_samples_split': 5, 'min_samples_leaf': 1, 'bootstrap': True},{'vector_size': 900, 'window': 1, 'min_count': 3}
0.41899999999999993,MyRandomForestClassifier,MyWord2Vectorizer,{'max_features': 'sqrt', 'n_estimators': 1000, 'max_depth': 10, 'min_samples_split': 5, 'min_samples_leaf': 1, 'bootstrap': True},{'vector_size': 900, 'window': 1, 'min_count': 7}
0.509,MyRandomForestClassifier,MyWord2Vectorizer,{'max_features': 'sqrt', 'n_estimators': 1000, 'max_depth': 10, 'min_samples_split': 5, 'min_samples_leaf': 1, 'bootstrap': True},{'vector_size': 900, 'window': 1, 'min_count': 5}
0.49700000000000005,MyRandomForestClassifier,MyWord2Vectorizer,{'max_features': 'sqrt', 'n_estimators': 1000, 'max_depth': 10, 'min_samples_split': 5, 'min_samples_leaf': 1, 'bootstrap': True},{'vector_size': 900, 'window': 1, 'min_count': 9}
0.41900000000000004,MyRandomForestClassifier,MyWord2Vectorizer,{'max_features': 'sqrt', 'n_estimators': 1000, 'max_depth': 10, 'min_samples_split': 5, 'min_samples_leaf': 1, 'bootstrap': True},{'vector_size': 900, 'window': 3, 'min_count': 1}
0.4640000000000001,MyRandomForestClassifier,MyWord2Vectorizer,{'max_features': 'sqrt', 'n_estimators': 1000, 'max_depth': 10, 'min_samples_split': 5, 'min_samples_leaf': 1, 'bootstrap': True},{'vector_size': 900, 'window': 3, 'min_count': 3}
0.402,MyRandomForestClassifier,MyWord2Vectorizer,{'max_features': 'sqrt', 'n_estimators': 1000, 'max_depth': 10, 'min_samples_split': 5, 'min_samples_leaf': 1, 'bootstrap': True},{'vector_size': 900, 'window': 3, 'min_count': 5}
0.46299999999999997,MyRandomForestClassifier,MyWord2Vectorizer,{'max_features': 'sqrt', 'n_estimators': 1000, 'max_depth': 10, 'min_samples_split': 5, 'min_samples_leaf': 1, 'bootstrap': True},{'vector_size': 900, 'window': 3, 'min_count': 9}
0.514,MyRandomForestClassifier,MyWord2Vectorizer,{'max_features': 'sqrt', 'n_estimators': 1000, 'max_depth': 10, 'min_samples_split': 5, 'min_samples_leaf': 1, 'bootstrap': True},{'vector_size': 900, 'window': 3, 'min_count': 7}
0.457,MyRandomForestClassifier,MyWord2Vectorizer,{'max_features': 'sqrt', 'n_estimators': 1000, 'max_depth': 10, 'min_samples_split': 5, 'min_samples_leaf': 1, 'bootstrap': True},{'vector_size': 900, 'window': 5, 'min_count': 1}
0.45999999999999996,MyRandomForestClassifier,MyWord2Vectorizer,{'max_features': 'sqrt', 'n_estimators': 1000, 'max_depth': 10, 'min_samples_split': 5, 'min_samples_leaf': 1, 'bootstrap': True},{'vector_size': 900, 'window': 5, 'min_count': 7}
0.45099999999999996,MyRandomForestClassifier,MyWord2Vectorizer,{'max_features': 'sqrt', 'n_estimators': 1000, 'max_depth': 10, 'min_samples_split': 5, 'min_samples_leaf': 1, 'bootstrap': True},{'vector_size': 900, 'window': 5, 'min_count': 5}
0.537,MyRandomForestClassifier,MyWord2Vectorizer,{'max_features': 'sqrt', 'n_estimators': 1000, 'max_depth': 10, 'min_samples_split': 5, 'min_samples_leaf': 1, 'bootstrap': True},{'vector_size': 900, 'window': 5, 'min_count': 9}
0.579,MyRandomForestClassifier,MyWord2Vectorizer,{'max_features': 'sqrt', 'n_estimators': 1000, 'max_depth': 10, 'min_samples_split': 5, 'min_samples_leaf': 1, 'bootstrap': True},{'vector_size': 900, 'window': 5, 'min_count': 3}
0.398,MyRandomForestClassifier,MyWord2Vectorizer,{'max_features': 'sqrt', 'n_estimators': 1000, 'max_depth': 10, 'min_samples_split': 5, 'min_samples_leaf': 1, 'bootstrap': True},{'vector_size': 900, 'window': 7, 'min_count': 1}
0.536,MyRandomForestClassifier,MyWord2Vectorizer,{'max_features': 'sqrt', 'n_estimators': 1000, 'max_depth': 10, 'min_samples_split': 5, 'min_samples_leaf': 1, 'bootstrap': True},{'vector_size': 900, 'window': 7, 'min_count': 3}
0.475,MyRandomForestClassifier,MyWord2Vectorizer,{'max_features': 'sqrt', 'n_estimators': 1000, 'max_depth': 10, 'min_samples_split': 5, 'min_samples_leaf': 1, 'bootstrap': True},{'vector_size': 900, 'window': 7, 'min_count': 9}
0.48200000000000004,MyRandomForestClassifier,MyWord2Vectorizer,{'max_features': 'sqrt', 'n_estimators': 1000, 'max_depth': 10, 'min_samples_split': 5, 'min_samples_leaf': 1, 'bootstrap': True},{'vector_size': 900, 'window': 7, 'min_count': 7}
0.43200000000000005,MyRandomForestClassifier,MyWord2Vectorizer,{'max_features': 'sqrt', 'n_estimators': 1000, 'max_depth': 10, 'min_samples_split': 5, 'min_samples_leaf': 1, 'bootstrap': True},{'vector_size': 900, 'window': 7, 'min_count': 5}
0.504,MyRandomForestClassifier,MyWord2Vectorizer,{'max_features': 'sqrt', 'n_estimators': 1000, 'max_depth': 10, 'min_samples_split': 5, 'min_samples_leaf': 1, 'bootstrap': True},{'vector_size': 900, 'window': 9, 'min_count': 1}
0.5780000000000001,MyRandomForestClassifier,MyWord2Vectorizer,{'max_features': 'sqrt', 'n_estimators': 1000, 'max_depth': 10, 'min_samples_split': 5, 'min_samples_leaf': 1, 'bootstrap': True},{'vector_size': 900, 'window': 9, 'min_count': 3}
0.476,MyRandomForestClassifier,MyWord2Vectorizer,{'max_features': 'sqrt', 'n_estimators': 1000, 'max_depth': 10, 'min_samples_split': 5, 'min_samples_leaf': 1, 'bootstrap': True},{'vector_size': 900, 'window': 9, 'min_count': 9}
0.6,MyRandomForestClassifier,MyWord2Vectorizer,{'max_features': 'sqrt', 'n_estimators': 1000, 'max_depth': 10, 'min_samples_split': 5, 'min_samples_leaf': 1, 'bootstrap': True},{'vector_size': 900, 'window': 9, 'min_count': 7}
0.49099999999999994,MyRandomForestClassifier,MyWord2Vectorizer,{'max_features': 'sqrt', 'n_estimators': 1000, 'max_depth': 10, 'min_samples_split': 5, 'min_samples_leaf': 1, 'bootstrap': True},{'vector_size': 900, 'window': 9, 'min_count': 5}
0.549,MyRandomForestClassifier,MyWord2Vectorizer,{'max_features': 'sqrt', 'n_estimators': 1000, 'max_depth': 10, 'min_samples_split': 5, 'min_samples_leaf': 1, 'bootstrap': True},{'vector_size': 900, 'window': 11, 'min_count': 5}
0.524,MyRandomForestClassifier,MyWord2Vectorizer,{'max_features': 'sqrt', 'n_estimators': 1000, 'max_depth': 10, 'min_samples_split': 5, 'min_samples_leaf': 1, 'bootstrap': True},{'vector_size': 900, 'window': 11, 'min_count': 1}
0.497,MyRandomForestClassifier,MyWord2Vectorizer,{'max_features': 'sqrt', 'n_estimators': 1000, 'max_depth': 10, 'min_samples_split': 5, 'min_samples_leaf': 1, 'bootstrap': True},{'vector_size': 900, 'window': 11, 'min_count': 3}
0.45,MyRandomForestClassifier,MyWord2Vectorizer,{'max_features': 'sqrt', 'n_estimators': 1000, 'max_depth': 10, 'min_samples_split': 5, 'min_samples_leaf': 1, 'bootstrap': True},{'vector_size': 900, 'window': 11, 'min_count': 7}
0.4620000000000001,MyRandomForestClassifier,MyWord2Vectorizer,{'max_features': 'sqrt', 'n_estimators': 1000, 'max_depth': 10, 'min_samples_split': 5, 'min_samples_leaf': 1, 'bootstrap': True},{'vector_size': 900, 'window': 13, 'min_count': 1}
0.43899999999999995,MyRandomForestClassifier,MyWord2Vectorizer,{'max_features': 'sqrt', 'n_estimators': 1000, 'max_depth': 10, 'min_samples_split': 5, 'min_samples_leaf': 1, 'bootstrap': True},{'vector_size': 900, 'window': 11, 'min_count': 9}
0.43000000000000005,MyRandomForestClassifier,MyWord2Vectorizer,{'max_features': 'sqrt', 'n_estimators': 1000, 'max_depth': 10, 'min_samples_split': 5, 'min_samples_leaf': 1, 'bootstrap': True},{'vector_size': 900, 'window': 13, 'min_count': 3}
0.568,MyRandomForestClassifier,MyWord2Vectorizer,{'max_features': 'sqrt', 'n_estimators': 1000, 'max_depth': 10, 'min_samples_split': 5, 'min_samples_leaf': 1, 'bootstrap': True},{'vector_size': 900, 'window': 13, 'min_count': 5}
0.5,MyRandomForestClassifier,MyWord2Vectorizer,{'max_features': 'sqrt', 'n_estimators': 1000, 'max_depth': 10, 'min_samples_split': 5, 'min_samples_leaf': 1, 'bootstrap': True},{'vector_size': 900, 'window': 13, 'min_count': 7}
0.48,MyRandomForestClassifier,MyWord2Vectorizer,{'max_features': 'sqrt', 'n_estimators': 1000, 'max_depth': 10, 'min_samples_split': 5, 'min_samples_leaf': 1, 'bootstrap': True},{'vector_size': 900, 'window': 13, 'min_count': 9}
0.543,MyRandomForestClassifier,MyWord2Vectorizer,{'max_features': 'sqrt', 'n_estimators': 1000, 'max_depth': 10, 'min_samples_split': 5, 'min_samples_leaf': 1, 'bootstrap': True},{'vector_size': 900, 'window': 15, 'min_count': 1}
0.522,MyRandomForestClassifier,MyWord2Vectorizer,{'max_features': 'sqrt', 'n_estimators': 1000, 'max_depth': 10, 'min_samples_split': 5, 'min_samples_leaf': 1, 'bootstrap': True},{'vector_size': 900, 'window': 15, 'min_count': 3}
0.5189999999999999,MyRandomForestClassifier,MyWord2Vectorizer,{'max_features': 'sqrt', 'n_estimators': 1000, 'max_depth': 10, 'min_samples_split': 5, 'min_samples_leaf': 1, 'bootstrap': True},{'vector_size': 900, 'window': 15, 'min_count': 9}
0.4720000000000001,MyRandomForestClassifier,MyWord2Vectorizer,{'max_features': 'sqrt', 'n_estimators': 1000, 'max_depth': 10, 'min_samples_split': 5, 'min_samples_leaf': 1, 'bootstrap': True},{'vector_size': 900, 'window': 15, 'min_count': 5}
0.4620000000000001,MyRandomForestClassifier,MyWord2Vectorizer,{'max_features': 'sqrt', 'n_estimators': 1000, 'max_depth': 10, 'min_samples_split': 5, 'min_samples_leaf': 1, 'bootstrap': True},{'vector_size': 900, 'window': 15, 'min_count': 7}
0.48500000000000004,MyRandomForestClassifier,MyWord2Vectorizer,{'max_features': 'sqrt', 'n_estimators': 1000, 'max_depth': 10, 'min_samples_split': 5, 'min_samples_leaf': 1, 'bootstrap': True},{'vector_size': 900, 'window': 17, 'min_count': 3}
0.4210000000000001,MyRandomForestClassifier,MyWord2Vectorizer,{'max_features': 'sqrt', 'n_estimators': 1000, 'max_depth': 10, 'min_samples_split': 5, 'min_samples_leaf': 1, 'bootstrap': True},{'vector_size': 900, 'window': 17, 'min_count': 1}
0.441,MyRandomForestClassifier,MyWord2Vectorizer,{'max_features': 'sqrt', 'n_estimators': 1000, 'max_depth': 10, 'min_samples_split': 5, 'min_samples_leaf': 1, 'bootstrap': True},{'vector_size': 900, 'window': 17, 'min_count': 5}
0.47400000000000003,MyRandomForestClassifier,MyWord2Vectorizer,{'max_features': 'sqrt', 'n_estimators': 1000, 'max_depth': 10, 'min_samples_split': 5, 'min_samples_leaf': 1, 'bootstrap': True},{'vector_size': 900, 'window': 19, 'min_count': 1}
0.399,MyRandomForestClassifier,MyWord2Vectorizer,{'max_features': 'sqrt', 'n_estimators': 1000, 'max_depth': 10, 'min_samples_split': 5, 'min_samples_leaf': 1, 'bootstrap': True},{'vector_size': 900, 'window': 17, 'min_count': 7}
0.41899999999999993,MyRandomForestClassifier,MyWord2Vectorizer,{'max_features': 'sqrt', 'n_estimators': 1000, 'max_depth': 10, 'min_samples_split': 5, 'min_samples_leaf': 1, 'bootstrap': True},{'vector_size': 900, 'window': 19, 'min_count': 3}
0.47700000000000004,MyRandomForestClassifier,MyWord2Vectorizer,{'max_features': 'sqrt', 'n_estimators': 1000, 'max_depth': 10, 'min_samples_split': 5, 'min_samples_leaf': 1, 'bootstrap': True},{'vector_size': 900, 'window': 17, 'min_count': 9}
0.45600000000000007,MyRandomForestClassifier,MyWord2Vectorizer,{'max_features': 'sqrt', 'n_estimators': 1000, 'max_depth': 10, 'min_samples_split': 5, 'min_samples_leaf': 1, 'bootstrap': True},{'vector_size': 900, 'window': 19, 'min_count': 5}
0.51,MyRandomForestClassifier,MyWord2Vectorizer,{'max_features': 'sqrt', 'n_estimators': 1000, 'max_depth': 10, 'min_samples_split': 5, 'min_samples_leaf': 1, 'bootstrap': True},{'vector_size': 900, 'window': 19, 'min_count': 7}
0.4659999999999999,MyRandomForestClassifier,MyWord2Vectorizer,{'max_features': 'sqrt', 'n_estimators': 1000, 'max_depth': 10, 'min_samples_split': 5, 'min_samples_leaf': 1, 'bootstrap': True},{'vector_size': 900, 'window': 19, 'min_count': 9}
0.47400000000000003,MyRandomForestClassifier,MyWord2Vectorizer,{'max_features': 'sqrt', 'n_estimators': 1000, 'max_depth': 10, 'min_samples_split': 5, 'min_samples_leaf': 1, 'bootstrap': True},{'vector_size': 1300, 'window': 1, 'min_count': 3}
0.572,MyRandomForestClassifier,MyWord2Vectorizer,{'max_features': 'sqrt', 'n_estimators': 1000, 'max_depth': 10, 'min_samples_split': 5, 'min_samples_leaf': 1, 'bootstrap': True},{'vector_size': 1300, 'window': 1, 'min_count': 1}
0.5599999999999999,MyRandomForestClassifier,MyWord2Vectorizer,{'max_features': 'sqrt', 'n_estimators': 1000, 'max_depth': 10, 'min_samples_split': 5, 'min_samples_leaf': 1, 'bootstrap': True},{'vector_size': 1300, 'window': 1, 'min_count': 5}
0.442,MyRandomForestClassifier,MyWord2Vectorizer,{'max_features': 'sqrt', 'n_estimators': 1000, 'max_depth': 10, 'min_samples_split': 5, 'min_samples_leaf': 1, 'bootstrap': True},{'vector_size': 1300, 'window': 3, 'min_count': 3}
0.45100000000000007,MyRandomForestClassifier,MyWord2Vectorizer,{'max_features': 'sqrt', 'n_estimators': 1000, 'max_depth': 10, 'min_samples_split': 5, 'min_samples_leaf': 1, 'bootstrap': True},{'vector_size': 1300, 'window': 1, 'min_count': 7}
0.5589999999999999,MyRandomForestClassifier,MyWord2Vectorizer,{'max_features': 'sqrt', 'n_estimators': 1000, 'max_depth': 10, 'min_samples_split': 5, 'min_samples_leaf': 1, 'bootstrap': True},{'vector_size': 1300, 'window': 3, 'min_count': 1}
0.553,MyRandomForestClassifier,MyWord2Vectorizer,{'max_features': 'sqrt', 'n_estimators': 1000, 'max_depth': 10, 'min_samples_split': 5, 'min_samples_leaf': 1, 'bootstrap': True},{'vector_size': 1300, 'window': 1, 'min_count': 9}
0.545,MyRandomForestClassifier,MyWord2Vectorizer,{'max_features': 'sqrt', 'n_estimators': 1000, 'max_depth': 10, 'min_samples_split': 5, 'min_samples_leaf': 1, 'bootstrap': True},{'vector_size': 1300, 'window': 3, 'min_count': 5}
0.5,MyRandomForestClassifier,MyWord2Vectorizer,{'max_features': 'sqrt', 'n_estimators': 1000, 'max_depth': 10, 'min_samples_split': 5, 'min_samples_leaf': 1, 'bootstrap': True},{'vector_size': 1300, 'window': 5, 'min_count': 1}
0.5109999999999999,MyRandomForestClassifier,MyWord2Vectorizer,{'max_features': 'sqrt', 'n_estimators': 1000, 'max_depth': 10, 'min_samples_split': 5, 'min_samples_leaf': 1, 'bootstrap': True},{'vector_size': 1300, 'window': 3, 'min_count': 9}
0.515,MyRandomForestClassifier,MyWord2Vectorizer,{'max_features': 'sqrt', 'n_estimators': 1000, 'max_depth': 10, 'min_samples_split': 5, 'min_samples_leaf': 1, 'bootstrap': True},{'vector_size': 1300, 'window': 3, 'min_count': 7}
0.542,MyRandomForestClassifier,MyWord2Vectorizer,{'max_features': 'sqrt', 'n_estimators': 1000, 'max_depth': 10, 'min_samples_split': 5, 'min_samples_leaf': 1, 'bootstrap': True},{'vector_size': 1300, 'window': 5, 'min_count': 3}
0.56,MyRandomForestClassifier,MyWord2Vectorizer,{'max_features': 'sqrt', 'n_estimators': 1000, 'max_depth': 10, 'min_samples_split': 5, 'min_samples_leaf': 1, 'bootstrap': True},{'vector_size': 1300, 'window': 5, 'min_count': 5}
0.538,MyRandomForestClassifier,MyWord2Vectorizer,{'max_features': 'sqrt', 'n_estimators': 1000, 'max_depth': 10, 'min_samples_split': 5, 'min_samples_leaf': 1, 'bootstrap': True},{'vector_size': 1300, 'window': 5, 'min_count': 7}
0.45599999999999996,MyRandomForestClassifier,MyWord2Vectorizer,{'max_features': 'sqrt', 'n_estimators': 1000, 'max_depth': 10, 'min_samples_split': 5, 'min_samples_leaf': 1, 'bootstrap': True},{'vector_size': 1300, 'window': 7, 'min_count': 1}
0.442,MyRandomForestClassifier,MyWord2Vectorizer,{'max_features': 'sqrt', 'n_estimators': 1000, 'max_depth': 10, 'min_samples_split': 5, 'min_samples_leaf': 1, 'bootstrap': True},{'vector_size': 1300, 'window': 5, 'min_count': 9}
0.45299999999999996,MyRandomForestClassifier,MyWord2Vectorizer,{'max_features': 'sqrt', 'n_estimators': 1000, 'max_depth': 10, 'min_samples_split': 5, 'min_samples_leaf': 1, 'bootstrap': True},{'vector_size': 1300, 'window': 7, 'min_count': 3}
0.579,MyRandomForestClassifier,MyWord2Vectorizer,{'max_features': 'sqrt', 'n_estimators': 1000, 'max_depth': 10, 'min_samples_split': 5, 'min_samples_leaf': 1, 'bootstrap': True},{'vector_size': 1300, 'window': 7, 'min_count': 5}
0.5519999999999999,MyRandomForestClassifier,MyWord2Vectorizer,{'max_features': 'sqrt', 'n_estimators': 1000, 'max_depth': 10, 'min_samples_split': 5, 'min_samples_leaf': 1, 'bootstrap': True},{'vector_size': 1300, 'window': 9, 'min_count': 1}
0.449,MyRandomForestClassifier,MyWord2Vectorizer,{'max_features': 'sqrt', 'n_estimators': 1000, 'max_depth': 10, 'min_samples_split': 5, 'min_samples_leaf': 1, 'bootstrap': True},{'vector_size': 1300, 'window': 9, 'min_count': 3}
0.465,MyRandomForestClassifier,MyWord2Vectorizer,{'max_features': 'sqrt', 'n_estimators': 1000, 'max_depth': 10, 'min_samples_split': 5, 'min_samples_leaf': 1, 'bootstrap': True},{'vector_size': 1300, 'window': 7, 'min_count': 7}
0.5489999999999999,MyRandomForestClassifier,MyWord2Vectorizer,{'max_features': 'sqrt', 'n_estimators': 1000, 'max_depth': 10, 'min_samples_split': 5, 'min_samples_leaf': 1, 'bootstrap': True},{'vector_size': 1300, 'window': 7, 'min_count': 9}
0.45999999999999996,MyRandomForestClassifier,MyWord2Vectorizer,{'max_features': 'sqrt', 'n_estimators': 1000, 'max_depth': 10, 'min_samples_split': 5, 'min_samples_leaf': 1, 'bootstrap': True},{'vector_size': 1300, 'window': 9, 'min_count': 5}
0.544,MyRandomForestClassifier,MyWord2Vectorizer,{'max_features': 'sqrt', 'n_estimators': 1000, 'max_depth': 10, 'min_samples_split': 5, 'min_samples_leaf': 1, 'bootstrap': True},{'vector_size': 1300, 'window': 11, 'min_count': 1}
0.476,MyRandomForestClassifier,MyWord2Vectorizer,{'max_features': 'sqrt', 'n_estimators': 1000, 'max_depth': 10, 'min_samples_split': 5, 'min_samples_leaf': 1, 'bootstrap': True},{'vector_size': 1300, 'window': 9, 'min_count': 9}
0.46799999999999997,MyRandomForestClassifier,MyWord2Vectorizer,{'max_features': 'sqrt', 'n_estimators': 1000, 'max_depth': 10, 'min_samples_split': 5, 'min_samples_leaf': 1, 'bootstrap': True},{'vector_size': 1300, 'window': 9, 'min_count': 7}
0.4710000000000001,MyRandomForestClassifier,MyWord2Vectorizer,{'max_features': 'sqrt', 'n_estimators': 1000, 'max_depth': 10, 'min_samples_split': 5, 'min_samples_leaf': 1, 'bootstrap': True},{'vector_size': 1300, 'window': 11, 'min_count': 3}
0.4640000000000001,MyRandomForestClassifier,MyWord2Vectorizer,{'max_features': 'sqrt', 'n_estimators': 1000, 'max_depth': 10, 'min_samples_split': 5, 'min_samples_leaf': 1, 'bootstrap': True},{'vector_size': 1300, 'window': 11, 'min_count': 5}
0.514,MyRandomForestClassifier,MyWord2Vectorizer,{'max_features': 'sqrt', 'n_estimators': 1000, 'max_depth': 10, 'min_samples_split': 5, 'min_samples_leaf': 1, 'bootstrap': True},{'vector_size': 1300, 'window': 11, 'min_count': 9}
0.453,MyRandomForestClassifier,MyWord2Vectorizer,{'max_features': 'sqrt', 'n_estimators': 1000, 'max_depth': 10, 'min_samples_split': 5, 'min_samples_leaf': 1, 'bootstrap': True},{'vector_size': 1300, 'window': 11, 'min_count': 7}
0.4959999999999999,MyRandomForestClassifier,MyWord2Vectorizer,{'max_features': 'sqrt', 'n_estimators': 1000, 'max_depth': 10, 'min_samples_split': 5, 'min_samples_leaf': 1, 'bootstrap': True},{'vector_size': 1300, 'window': 13, 'min_count': 1}
0.43499999999999994,MyRandomForestClassifier,MyWord2Vectorizer,{'max_features': 'sqrt', 'n_estimators': 1000, 'max_depth': 10, 'min_samples_split': 5, 'min_samples_leaf': 1, 'bootstrap': True},{'vector_size': 1300, 'window': 13, 'min_count': 3}
0.547,MyRandomForestClassifier,MyWord2Vectorizer,{'max_features': 'sqrt', 'n_estimators': 1000, 'max_depth': 10, 'min_samples_split': 5, 'min_samples_leaf': 1, 'bootstrap': True},{'vector_size': 1300, 'window': 13, 'min_count': 5}
0.396,MyRandomForestClassifier,MyWord2Vectorizer,{'max_features': 'sqrt', 'n_estimators': 1000, 'max_depth': 10, 'min_samples_split': 5, 'min_samples_leaf': 1, 'bootstrap': True},{'vector_size': 1300, 'window': 13, 'min_count': 7}
0.586,MyRandomForestClassifier,MyWord2Vectorizer,{'max_features': 'sqrt', 'n_estimators': 1000, 'max_depth': 10, 'min_samples_split': 5, 'min_samples_leaf': 1, 'bootstrap': True},{'vector_size': 1300, 'window': 13, 'min_count': 9}
0.449,MyRandomForestClassifier,MyWord2Vectorizer,{'max_features': 'sqrt', 'n_estimators': 1000, 'max_depth': 10, 'min_samples_split': 5, 'min_samples_leaf': 1, 'bootstrap': True},{'vector_size': 1300, 'window': 15, 'min_count': 1}
0.42300000000000004,MyRandomForestClassifier,MyWord2Vectorizer,{'max_features': 'sqrt', 'n_estimators': 1000, 'max_depth': 10, 'min_samples_split': 5, 'min_samples_leaf': 1, 'bootstrap': True},{'vector_size': 1300, 'window': 15, 'min_count': 5}
0.45500000000000007,MyRandomForestClassifier,MyWord2Vectorizer,{'max_features': 'sqrt', 'n_estimators': 1000, 'max_depth': 10, 'min_samples_split': 5, 'min_samples_leaf': 1, 'bootstrap': True},{'vector_size': 1300, 'window': 15, 'min_count': 3}
0.488,MyRandomForestClassifier,MyWord2Vectorizer,{'max_features': 'sqrt', 'n_estimators': 1000, 'max_depth': 10, 'min_samples_split': 5, 'min_samples_leaf': 1, 'bootstrap': True},{'vector_size': 1300, 'window': 17, 'min_count': 1}
0.445,MyRandomForestClassifier,MyWord2Vectorizer,{'max_features': 'sqrt', 'n_estimators': 1000, 'max_depth': 10, 'min_samples_split': 5, 'min_samples_leaf': 1, 'bootstrap': True},{'vector_size': 1300, 'window': 15, 'min_count': 9}
0.5010000000000001,MyRandomForestClassifier,MyWord2Vectorizer,{'max_features': 'sqrt', 'n_estimators': 1000, 'max_depth': 10, 'min_samples_split': 5, 'min_samples_leaf': 1, 'bootstrap': True},{'vector_size': 1300, 'window': 17, 'min_count': 3}
0.47700000000000004,MyRandomForestClassifier,MyWord2Vectorizer,{'max_features': 'sqrt', 'n_estimators': 1000, 'max_depth': 10, 'min_samples_split': 5, 'min_samples_leaf': 1, 'bootstrap': True},{'vector_size': 1300, 'window': 17, 'min_count': 7}
0.453,MyRandomForestClassifier,MyWord2Vectorizer,{'max_features': 'sqrt', 'n_estimators': 1000, 'max_depth': 10, 'min_samples_split': 5, 'min_samples_leaf': 1, 'bootstrap': True},{'vector_size': 1300, 'window': 15, 'min_count': 7}
0.547,MyRandomForestClassifier,MyWord2Vectorizer,{'max_features': 'sqrt', 'n_estimators': 1000, 'max_depth': 10, 'min_samples_split': 5, 'min_samples_leaf': 1, 'bootstrap': True},{'vector_size': 1300, 'window': 17, 'min_count': 5}
0.465,MyRandomForestClassifier,MyWord2Vectorizer,{'max_features': 'sqrt', 'n_estimators': 1000, 'max_depth': 10, 'min_samples_split': 5, 'min_samples_leaf': 1, 'bootstrap': True},{'vector_size': 1300, 'window': 17, 'min_count': 9}
0.4109999999999999,MyRandomForestClassifier,MyWord2Vectorizer,{'max_features': 'sqrt', 'n_estimators': 1000, 'max_depth': 10, 'min_samples_split': 5, 'min_samples_leaf': 1, 'bootstrap': True},{'vector_size': 1300, 'window': 19, 'min_count': 1}
0.45899999999999996,MyRandomForestClassifier,MyWord2Vectorizer,{'max_features': 'sqrt', 'n_estimators': 1000, 'max_depth': 10, 'min_samples_split': 5, 'min_samples_leaf': 1, 'bootstrap': True},{'vector_size': 1300, 'window': 19, 'min_count': 3}
0.43499999999999994,MyRandomForestClassifier,MyWord2Vectorizer,{'max_features': 'sqrt', 'n_estimators': 1000, 'max_depth': 10, 'min_samples_split': 5, 'min_samples_leaf': 1, 'bootstrap': True},{'vector_size': 1300, 'window': 19, 'min_count': 5}
0.553,MyRandomForestClassifier,MyWord2Vectorizer,{'max_features': 'sqrt', 'n_estimators': 1000, 'max_depth': 10, 'min_samples_split': 5, 'min_samples_leaf': 1, 'bootstrap': True},{'vector_size': 1300, 'window': 19, 'min_count': 7}
0.41400000000000003,MyRandomForestClassifier,MyWord2Vectorizer,{'max_features': 'sqrt', 'n_estimators': 1000, 'max_depth': 10, 'min_samples_split': 5, 'min_samples_leaf': 1, 'bootstrap': True},{'vector_size': 1300, 'window': 19, 'min_count': 9}
0.5650000000000001,MyRandomForestClassifier,MyWord2Vectorizer,{'max_features': 'sqrt', 'n_estimators': 1000, 'max_depth': 10, 'min_samples_split': 5, 'min_samples_leaf': 1, 'bootstrap': True},{'vector_size': 1700, 'window': 1, 'min_count': 3}
0.502,MyRandomForestClassifier,MyWord2Vectorizer,{'max_features': 'sqrt', 'n_estimators': 1000, 'max_depth': 10, 'min_samples_split': 5, 'min_samples_leaf': 1, 'bootstrap': True},{'vector_size': 1700, 'window': 1, 'min_count': 5}
0.4870000000000001,MyRandomForestClassifier,MyWord2Vectorizer,{'max_features': 'sqrt', 'n_estimators': 1000, 'max_depth': 10, 'min_samples_split': 5, 'min_samples_leaf': 1, 'bootstrap': True},{'vector_size': 1700, 'window': 3, 'min_count': 1}
0.453,MyRandomForestClassifier,MyWord2Vectorizer,{'max_features': 'sqrt', 'n_estimators': 1000, 'max_depth': 10, 'min_samples_split': 5, 'min_samples_leaf': 1, 'bootstrap': True},{'vector_size': 1700, 'window': 1, 'min_count': 7}
0.48200000000000004,MyRandomForestClassifier,MyWord2Vectorizer,{'max_features': 'sqrt', 'n_estimators': 1000, 'max_depth': 10, 'min_samples_split': 5, 'min_samples_leaf': 1, 'bootstrap': True},{'vector_size': 1700, 'window': 1, 'min_count': 1}
0.5640000000000001,MyRandomForestClassifier,MyWord2Vectorizer,{'max_features': 'sqrt', 'n_estimators': 1000, 'max_depth': 10, 'min_samples_split': 5, 'min_samples_leaf': 1, 'bootstrap': True},{'vector_size': 1700, 'window': 1, 'min_count': 9}
0.548,MyRandomForestClassifier,MyWord2Vectorizer,{'max_features': 'sqrt', 'n_estimators': 1000, 'max_depth': 10, 'min_samples_split': 5, 'min_samples_leaf': 1, 'bootstrap': True},{'vector_size': 1700, 'window': 3, 'min_count': 7}
0.5189999999999999,MyRandomForestClassifier,MyWord2Vectorizer,{'max_features': 'sqrt', 'n_estimators': 1000, 'max_depth': 10, 'min_samples_split': 5, 'min_samples_leaf': 1, 'bootstrap': True},{'vector_size': 1700, 'window': 3, 'min_count': 3}
0.45899999999999996,MyRandomForestClassifier,MyWord2Vectorizer,{'max_features': 'sqrt', 'n_estimators': 1000, 'max_depth': 10, 'min_samples_split': 5, 'min_samples_leaf': 1, 'bootstrap': True},{'vector_size': 1700, 'window': 3, 'min_count': 5}
0.571,MyRandomForestClassifier,MyWord2Vectorizer,{'max_features': 'sqrt', 'n_estimators': 1000, 'max_depth': 10, 'min_samples_split': 5, 'min_samples_leaf': 1, 'bootstrap': True},{'vector_size': 1700, 'window': 3, 'min_count': 9}
0.518,MyRandomForestClassifier,MyWord2Vectorizer,{'max_features': 'sqrt', 'n_estimators': 1000, 'max_depth': 10, 'min_samples_split': 5, 'min_samples_leaf': 1, 'bootstrap': True},{'vector_size': 1700, 'window': 5, 'min_count': 5}
0.558,MyRandomForestClassifier,MyWord2Vectorizer,{'max_features': 'sqrt', 'n_estimators': 1000, 'max_depth': 10, 'min_samples_split': 5, 'min_samples_leaf': 1, 'bootstrap': True},{'vector_size': 1700, 'window': 5, 'min_count': 1}
0.42800000000000005,MyRandomForestClassifier,MyWord2Vectorizer,{'max_features': 'sqrt', 'n_estimators': 1000, 'max_depth': 10, 'min_samples_split': 5, 'min_samples_leaf': 1, 'bootstrap': True},{'vector_size': 1700, 'window': 5, 'min_count': 3}
0.564,MyRandomForestClassifier,MyWord2Vectorizer,{'max_features': 'sqrt', 'n_estimators': 1000, 'max_depth': 10, 'min_samples_split': 5, 'min_samples_leaf': 1, 'bootstrap': True},{'vector_size': 1700, 'window': 5, 'min_count': 9}
0.43200000000000005,MyRandomForestClassifier,MyWord2Vectorizer,{'max_features': 'sqrt', 'n_estimators': 1000, 'max_depth': 10, 'min_samples_split': 5, 'min_samples_leaf': 1, 'bootstrap': True},{'vector_size': 1700, 'window': 5, 'min_count': 7}
0.567,MyRandomForestClassifier,MyWord2Vectorizer,{'max_features': 'sqrt', 'n_estimators': 1000, 'max_depth': 10, 'min_samples_split': 5, 'min_samples_leaf': 1, 'bootstrap': True},{'vector_size': 1700, 'window': 7, 'min_count': 3}
0.522,MyRandomForestClassifier,MyWord2Vectorizer,{'max_features': 'sqrt', 'n_estimators': 1000, 'max_depth': 10, 'min_samples_split': 5, 'min_samples_leaf': 1, 'bootstrap': True},{'vector_size': 1700, 'window': 7, 'min_count': 1}
0.42200000000000004,MyRandomForestClassifier,MyWord2Vectorizer,{'max_features': 'sqrt', 'n_estimators': 1000, 'max_depth': 10, 'min_samples_split': 5, 'min_samples_leaf': 1, 'bootstrap': True},{'vector_size': 1700, 'window': 7, 'min_count': 5}
0.42000000000000004,MyRandomForestClassifier,MyWord2Vectorizer,{'max_features': 'sqrt', 'n_estimators': 1000, 'max_depth': 10, 'min_samples_split': 5, 'min_samples_leaf': 1, 'bootstrap': True},{'vector_size': 1700, 'window': 9, 'min_count': 3}
0.5050000000000001,MyRandomForestClassifier,MyWord2Vectorizer,{'max_features': 'sqrt', 'n_estimators': 1000, 'max_depth': 10, 'min_samples_split': 5, 'min_samples_leaf': 1, 'bootstrap': True},{'vector_size': 1700, 'window': 7, 'min_count': 7}
0.45199999999999996,MyRandomForestClassifier,MyWord2Vectorizer,{'max_features': 'sqrt', 'n_estimators': 1000, 'max_depth': 10, 'min_samples_split': 5, 'min_samples_leaf': 1, 'bootstrap': True},{'vector_size': 1700, 'window': 7, 'min_count': 9}
0.42000000000000004,MyRandomForestClassifier,MyWord2Vectorizer,{'max_features': 'sqrt', 'n_estimators': 1000, 'max_depth': 10, 'min_samples_split': 5, 'min_samples_leaf': 1, 'bootstrap': True},{'vector_size': 1700, 'window': 9, 'min_count': 1}
0.421,MyRandomForestClassifier,MyWord2Vectorizer,{'max_features': 'sqrt', 'n_estimators': 1000, 'max_depth': 10, 'min_samples_split': 5, 'min_samples_leaf': 1, 'bootstrap': True},{'vector_size': 1700, 'window': 9, 'min_count': 5}
0.434,MyRandomForestClassifier,MyWord2Vectorizer,{'max_features': 'sqrt', 'n_estimators': 1000, 'max_depth': 10, 'min_samples_split': 5, 'min_samples_leaf': 1, 'bootstrap': True},{'vector_size': 1700, 'window': 9, 'min_count': 7}
0.485,MyRandomForestClassifier,MyWord2Vectorizer,{'max_features': 'sqrt', 'n_estimators': 1000, 'max_depth': 10, 'min_samples_split': 5, 'min_samples_leaf': 1, 'bootstrap': True},{'vector_size': 1700, 'window': 11, 'min_count': 3}
0.5529999999999999,MyRandomForestClassifier,MyWord2Vectorizer,{'max_features': 'sqrt', 'n_estimators': 1000, 'max_depth': 10, 'min_samples_split': 5, 'min_samples_leaf': 1, 'bootstrap': True},{'vector_size': 1700, 'window': 9, 'min_count': 9}
0.549,MyRandomForestClassifier,MyWord2Vectorizer,{'max_features': 'sqrt', 'n_estimators': 1000, 'max_depth': 10, 'min_samples_split': 5, 'min_samples_leaf': 1, 'bootstrap': True},{'vector_size': 1700, 'window': 11, 'min_count': 5}
0.483,MyRandomForestClassifier,MyWord2Vectorizer,{'max_features': 'sqrt', 'n_estimators': 1000, 'max_depth': 10, 'min_samples_split': 5, 'min_samples_leaf': 1, 'bootstrap': True},{'vector_size': 1700, 'window': 11, 'min_count': 1}
0.516,MyRandomForestClassifier,MyWord2Vectorizer,{'max_features': 'sqrt', 'n_estimators': 1000, 'max_depth': 10, 'min_samples_split': 5, 'min_samples_leaf': 1, 'bootstrap': True},{'vector_size': 1700, 'window': 11, 'min_count': 7}
0.5609999999999999,MyRandomForestClassifier,MyWord2Vectorizer,{'max_features': 'sqrt', 'n_estimators': 1000, 'max_depth': 10, 'min_samples_split': 5, 'min_samples_leaf': 1, 'bootstrap': True},{'vector_size': 1700, 'window': 11, 'min_count': 9}
0.43999999999999995,MyRandomForestClassifier,MyWord2Vectorizer,{'max_features': 'sqrt', 'n_estimators': 1000, 'max_depth': 10, 'min_samples_split': 5, 'min_samples_leaf': 1, 'bootstrap': True},{'vector_size': 1700, 'window': 13, 'min_count': 1}
0.437,MyRandomForestClassifier,MyWord2Vectorizer,{'max_features': 'sqrt', 'n_estimators': 1000, 'max_depth': 10, 'min_samples_split': 5, 'min_samples_leaf': 1, 'bootstrap': True},{'vector_size': 1700, 'window': 13, 'min_count': 3}
0.5810000000000001,MyRandomForestClassifier,MyWord2Vectorizer,{'max_features': 'sqrt', 'n_estimators': 1000, 'max_depth': 10, 'min_samples_split': 5, 'min_samples_leaf': 1, 'bootstrap': True},{'vector_size': 1700, 'window': 13, 'min_count': 7}
0.48100000000000004,MyRandomForestClassifier,MyWord2Vectorizer,{'max_features': 'sqrt', 'n_estimators': 1000, 'max_depth': 10, 'min_samples_split': 5, 'min_samples_leaf': 1, 'bootstrap': True},{'vector_size': 1700, 'window': 13, 'min_count': 5}
0.501,MyRandomForestClassifier,MyWord2Vectorizer,{'max_features': 'sqrt', 'n_estimators': 1000, 'max_depth': 10, 'min_samples_split': 5, 'min_samples_leaf': 1, 'bootstrap': True},{'vector_size': 1700, 'window': 13, 'min_count': 9}
0.40800000000000003,MyRandomForestClassifier,MyWord2Vectorizer,{'max_features': 'sqrt', 'n_estimators': 1000, 'max_depth': 10, 'min_samples_split': 5, 'min_samples_leaf': 1, 'bootstrap': True},{'vector_size': 1700, 'window': 15, 'min_count': 3}
0.5589999999999999,MyRandomForestClassifier,MyWord2Vectorizer,{'max_features': 'sqrt', 'n_estimators': 1000, 'max_depth': 10, 'min_samples_split': 5, 'min_samples_leaf': 1, 'bootstrap': True},{'vector_size': 1700, 'window': 15, 'min_count': 5}
0.425,MyRandomForestClassifier,MyWord2Vectorizer,{'max_features': 'sqrt', 'n_estimators': 1000, 'max_depth': 10, 'min_samples_split': 5, 'min_samples_leaf': 1, 'bootstrap': True},{'vector_size': 1700, 'window': 15, 'min_count': 1}
0.518,MyRandomForestClassifier,MyWord2Vectorizer,{'max_features': 'sqrt', 'n_estimators': 1000, 'max_depth': 10, 'min_samples_split': 5, 'min_samples_leaf': 1, 'bootstrap': True},{'vector_size': 1700, 'window': 15, 'min_count': 7}
0.5319999999999999,MyRandomForestClassifier,MyWord2Vectorizer,{'max_features': 'sqrt', 'n_estimators': 1000, 'max_depth': 10, 'min_samples_split': 5, 'min_samples_leaf': 1, 'bootstrap': True},{'vector_size': 1700, 'window': 15, 'min_count': 9}
0.4630000000000001,MyRandomForestClassifier,MyWord2Vectorizer,{'max_features': 'sqrt', 'n_estimators': 1000, 'max_depth': 10, 'min_samples_split': 5, 'min_samples_leaf': 1, 'bootstrap': True},{'vector_size': 1700, 'window': 17, 'min_count': 1}
0.536,MyRandomForestClassifier,MyWord2Vectorizer,{'max_features': 'sqrt', 'n_estimators': 1000, 'max_depth': 10, 'min_samples_split': 5, 'min_samples_leaf': 1, 'bootstrap': True},{'vector_size': 1700, 'window': 17, 'min_count': 5}
0.43599999999999994,MyRandomForestClassifier,MyWord2Vectorizer,{'max_features': 'sqrt', 'n_estimators': 1000, 'max_depth': 10, 'min_samples_split': 5, 'min_samples_leaf': 1, 'bootstrap': True},{'vector_size': 1700, 'window': 17, 'min_count': 3}
0.509,MyRandomForestClassifier,MyWord2Vectorizer,{'max_features': 'sqrt', 'n_estimators': 1000, 'max_depth': 10, 'min_samples_split': 5, 'min_samples_leaf': 1, 'bootstrap': True},{'vector_size': 1700, 'window': 17, 'min_count': 7}
0.45,MyRandomForestClassifier,MyWord2Vectorizer,{'max_features': 'sqrt', 'n_estimators': 1000, 'max_depth': 10, 'min_samples_split': 5, 'min_samples_leaf': 1, 'bootstrap': True},{'vector_size': 1700, 'window': 17, 'min_count': 9}
0.449,MyRandomForestClassifier,MyWord2Vectorizer,{'max_features': 'sqrt', 'n_estimators': 1000, 'max_depth': 10, 'min_samples_split': 5, 'min_samples_leaf': 1, 'bootstrap': True},{'vector_size': 1700, 'window': 19, 'min_count': 1}
0.4050000000000001,MyRandomForestClassifier,MyWord2Vectorizer,{'max_features': 'sqrt', 'n_estimators': 1000, 'max_depth': 10, 'min_samples_split': 5, 'min_samples_leaf': 1, 'bootstrap': True},{'vector_size': 1700, 'window': 19, 'min_count': 3}
0.493,MyRandomForestClassifier,MyWord2Vectorizer,{'max_features': 'sqrt', 'n_estimators': 1000, 'max_depth': 10, 'min_samples_split': 5, 'min_samples_leaf': 1, 'bootstrap': True},{'vector_size': 1700, 'window': 19, 'min_count': 5}
0.5519999999999999,MyRandomForestClassifier,MyWord2Vectorizer,{'max_features': 'sqrt', 'n_estimators': 1000, 'max_depth': 10, 'min_samples_split': 5, 'min_samples_leaf': 1, 'bootstrap': True},{'vector_size': 1700, 'window': 19, 'min_count': 7}
0.5950000000000001,MyRandomForestClassifier,MyWord2Vectorizer,{'max_features': 'sqrt', 'n_estimators': 1000, 'max_depth': 10, 'min_samples_split': 5, 'min_samples_leaf': 1, 'bootstrap': True},{'vector_size': 1700, 'window': 19, 'min_count': 9}
